cnpj,razaoSocial,nomeFantasia,matrizFilial,situacaoCadastral,cnaePrincipal,cnaeSecundarios,municipio,uf,capitalSocial,porte,motivoMatch
59183447000196,L&C COMERCIO E SERVICOS DE MONITORAMENTO DE SISTEMAS DE SEGURANCA ELETRONICO LTDA,DESVELLO SOLUCOES,MATRIZ,ATIVA,8020001,2512800;4330402;4742300;4744001;4744003;4744005;4744099;4751201;4752100;4753900;4754703;4757100;4759899;4789005;8129000,BRASILIA,DF,"80000,00",03,PALAVRA_CHAVE_GR
59385874000157,TRACKER + RASTREAMENTO VEICULAR LTDA,TRACKER + RASTREAMENTO,MATRIZ,ATIVA,4520007,4530703;4744001;6209100;7719599;7739099;8020001;8220200;8230001;9511800,BRASILIA,DF,"5000,00",01,PALAVRA_CHAVE_GR
59523828000177,TEC TRAZ RASTREAMENTO LTDA,TEC TRAZ,MATRIZ,ATIVA,8020001,4530703;4652400;7739099,SALVADOR,BA,"30000,00",01,PALAVRA_CHAVE_GR
60869313000102,RGT SERVICOS DE APOIO PORTARIA E MONITORAMENTO LTDA,RGT SERVICOS,MATRIZ,ATIVA,8020001,8111700;8211300;8219999,JOAO PESSOA,PB,"10000,00",01,PALAVRA_CHAVE_GR
61341487000160,SERGYSAT RASTREAMENTO LTDA,SERGISAT RASTREAMENTO,MATRIZ,ATIVA,8020001,3321000;4520001;4520003;4520007;4530701;4789099;4923002;6201501;6202300;6311900;6622300;7319002;7729202;7729299;7820500;9511800,ARACAJU,SE,"50000,00",01,PALAVRA_CHAVE_GR
29147575000385,SAAD BOMFIM SERVICO DE TRANSPORTE E SEGURANCA LTDA,GNE EXECUTIVE,FILIAL,ATIVA,7490104,4322301;4520003;4520006;4923002;5229001;5229002;5320202;7711000;8011101;8020001;8111700;9529102,VITORIA,ES,"1000000,00",03,CNAE_CARGA_TRANSPORTE
61562809000100,JC - RASTREADORES LTDA,JC RASTREADORES,MATRIZ,ATIVA,4520007,4520003;4530703;4530704;4757100,BRASILIA,DF,"60000,00",01,PALAVRA_CHAVE_GR
61592377000171,JK RASTREAMENTO LTDA,JK RASTREAMENTO,MATRIZ,ATIVA,8020001,6311900;6319400;8211300;8299799,TERESINA,PI,"30000,00",01,PALAVRA_CHAVE_GR
01945637001608,REAL MAIA TRANSPORTES TERRESTRES LTDA,REAL MAIA,FILIAL,ATIVA,4922102,4511106;4520002;4520003;4921301;4922101;4922103;4923001;4923002;4924800;4929901;4929902;4930202;7711000;7911200;8020001;8219999,NATAL,RN,"15000000,00",03,CNAE_CARGA_TRANSPORTE
01945637001780,REAL MAIA TRANSPORTES TERRESTRES LTDA,REAL MAIA,FILIAL,ATIVA,4922102,4511106;4520002;4520003;4921301;4922101;4922103;4923001;4923002;4924800;4929901;4929902;4930202;7711000;7911200;8020001;8219999,ARACAJU,SE,"15000000,00",03,CNAE_CARGA_TRANSPORTE
63716471000110,GENESIS GESTAO DE RISCOS E CORRETORA DE SEGUROS LTDA,GENESIS GESTAO DE RISCOS E CORRETORA DE SEGUROS,MATRIZ,ATIVA,6622300,6619302;7319002;7319003;7490104;7740300;8211300;8299799;8599604,MANAUS,AM,"10000,00",01,PALAVRA_CHAVE_GR
03612518001731,COOPERATIVA DOS TRANSPORTADORES AUTONOMOS DE CARGAS E PASSAGEIROS,COOPMETRO,FILIAL,ATIVA,4930202,4930201;5212500;5250805;5320201;5320202;8020001;8211300;9412099,BELEM,PA,"0,00",05,CNAE_CARGA_TRANSPORTE
23936697000293,JDS IMPORTACAO COMERCIO E LOGISTICA LTDA,JDS IMPORTADORA,FILIAL,ATIVA,4321500,1811302;3314710;3321000;3329599;4221904;4616800;4617600;4618403;4618499;4651601;4652400;4744001;4751201;4752100;4753900;4754701;4756300;4761001;4761002;4761003;4763601;4781400;4789001;4789007;4789099;5611203;5811500;6190699;6201501;6202300;6204000;6209100;7112000;7711000;7733100;7810800;7820500;8020001;8219901;9511800,VITORIA,ES,"1300000,00",05,CNAE_CARGA_TRANSPORTE
63712119000107,RASTRO FORTE SOLUCOES LTDA.,TA MONITORADO RASTREAMENTO,MATRIZ,ATIVA,6209100,,SALVADOR,BA,"60000,00",01,PALAVRA_CHAVE_GR
64774971000171,PROTEJA VEICULOS RASTREAMENTO AUTOMOTIVO LTDA,PROTEJA VEICULOS RASTREAMENTO AUTOMOTIVO,MATRIZ,ATIVA,8020001,,SAO LUIS,MA,"30000,00",01,PALAVRA_CHAVE_GR
64924463000122,MORAL EQUIPADORA E RASTREAMENTO LTDA,MORAL EQUIPADORA E RASTREAMENTO,MATRIZ,ATIVA,4520007,4321500;4520003,NATAL,RN,"300000,00",01,PALAVRA_CHAVE_GR
37179919000285,CR BRASIL LOGISTICA E SERVICOS LTDA,CR BRASIL AGROLINK LTDA,FILIAL,ATIVA,5250805,0990401;0990402;0990403;4511103;4511104;4618499;4619200;4689301;4689399;4789009;4789099;4930201;4930202;4930203;5211701;5212500;5250801;6204000;6612604;7020400;7119702;7210000;7490104;7490199;7719599;7739099;8020002;8211300;8299799;8599604,BELEM,PA,"2000,00",03,CNAE_CARGA_TRANSPORTE
67667141000133,M.R.S INSTALACAO E MANUTENCAO LTDA,GSM RASTREAMENTOS E SERVICOS,MATRIZ,ATIVA,4520007,4520001,BRASILIA,DF,"10000,00",01,PALAVRA_CHAVE_GR
68072300000110,GMH GESTAO DE RISCOS LTDA,GMH GESTAO DE RISCOS,MATRIZ,ATIVA,7020400,6399200;6920602;7319004;7319099;7320300;7490104;8211300;8299799;9609299,NATAL,RN,"10000,00",01,PALAVRA_CHAVE_GR
00588541000182,IPANEMA EMPRESA DE SERVICOS GERAIS E TRANSPORTES LTDA,,MATRIZ,ATIVA,4322302,3811400;4321500;4330401;4520001;4923002;4924800;4930201;7711000;7732201;7820500;7830200;8020001;8121400;8122200;8130300;8299799,BRASILIA,DF,"0,00",03,CNAE_CARGA_TRANSPORTE
00957525000110,RENAFORTE SERVICOS DE SEGURANCA E TRANSPORTE DE VALORES LTDA,RENAFORTE SEGURANCA E TRANSPORTES DE VALORES,MATRIZ,ATIVA,8012900,5229099;8011101;8020001,SALVADOR,BA,"3000000,00",05,CNAE_CARGA_TRANSPORTE
00957525000209,RENAFORTE SERVICOS DE SEGURANCA E TRANSPORTE DE VALORES LTDA,RENAFORTE SEGURANCA E TRANSPORTE DE VALORES,FILIAL,ATIVA,8012900,5211799;5229099;5320201;8011101;8020001;8299799;9511800,FEIRA DE SANTANA,BA,"3000000,00",05,CNAE_CARGA_TRANSPORTE
46699211001307,G4S MONITORAMENTO E SISTEMAS LTDA,G4S,FILIAL,ATIVA,8020001,4321500;4322303;4329199;4651601;6201501;6202300;6209100,BRASILIA,DF,"221100879,10",05,PALAVRA_CHAVE_GR
60860087002495,BRINK'S SEGURANCA E TRANSPORTE DE VALORES LTDA,,FILIAL,ATIVA,8012900,4930202;5211702;5211799;5320201;6209100;6619301;6619302;8011101;8020001;8219999;8299799;8599699;9511800,VITORIA,ES,"643059441,00",05,CNAE_CARGA_TRANSPORTE
60860087017174,BRINK'S SEGURANCA E TRANSPORTE DE VALORES LTDA,,FILIAL,ATIVA,8012900,4930201;4930202;5211702;5211799;5320201;6209100;6619301;6619302;8011101;8020001;8219999;9511800,BELEM,PA,"643059441,00",05,CNAE_CARGA_TRANSPORTE
60860087017760,BRINK'S SEGURANCA E TRANSPORTE DE VALORES LTDA,,FILIAL,ATIVA,8012900,4930201;4930202;4930203;5211701;5211702;5211799;5229099;5320201;6209100;6619301;6619302;8011101;8020001;8219999;9511800,TERESINA,PI,"643059441,00",05,CNAE_CARGA_TRANSPORTE
60860087010242,BRINK'S SEGURANCA E TRANSPORTE DE VALORES LTDA,,FILIAL,ATIVA,8012900,4930201;4930202;4930203;5211702;5211799;5320201;6209100;6619301;6619302;8011101;8020001;8219999;8299799;8599699;9511800,NATAL,RN,"643059441,00",05,CNAE_CARGA_TRANSPORTE
60860087019894,BRINK'S SEGURANCA E TRANSPORTE DE VALORES LTDA,,FILIAL,ATIVA,8012900,4930203;5211702;5211799;5320201;6209100;6619301;6619302;8011101;8020001;8219999;8299799;9511800,BRASILIA,DF,"643059441,00",05,CNAE_CARGA_TRANSPORTE
60860087016283,BRINK'S SEGURANCA E TRANSPORTE DE VALORES LTDA,,FILIAL,ATIVA,8012900,4930203;5211702;5211799;5320201;6209100;6619301;6619302;8011101;8020001;8219999;8299799;8599699;9511800,MANAUS,AM,"643059441,00",05,CNAE_CARGA_TRANSPORTE
60860087017921,BRINK'S SEGURANCA E TRANSPORTE DE VALORES LTDA,,FILIAL,ATIVA,8012900,4930201;4930202;4930203;5211701;5211702;5211799;5229099;5320201;6209100;6619301;6619302;8011101;8020001;8219999;9511800,SAO LUIS,MA,"643059441,00",05,CNAE_CARGA_TRANSPORTE
60860087016607,BRINK'S SEGURANCA E TRANSPORTE DE VALORES LTDA,,FILIAL,ATIVA,8012900,4930201;4930202;4930203;5211702;5211799;5320201;6209100;6619301;6619302;8011101;8020001;8219999;8299799;8599699;9511800,JOAO PESSOA,PB,"643059441,00",05,CNAE_CARGA_TRANSPORTE
03074342000144,ATIVA TRANSPORTES E VIGILANCIA LTDA,MUNDIAL,MATRIZ,ATIVA,4930202,4923002;4930201;7711000;8011101;8020001;8111700,BRASILIA,DF,"180000,00",01,CNAE_CARGA_TRANSPORTE
07324816000110,"GRUPO ZUM TECNOLOGIAS EM LOGISTICAS, MOBILIDADE URBANA E RASTREAMENTOS LTDA",ZUMLOG,MATRIZ,ATIVA,5250803,5212500;5320202;6209100;7490104;7740300;8020001,ARACAJU,SE,"10000,00",01,PALAVRA_CHAVE_GR
13374202000145,COLEGIO DIRECIONAL RISCO E RABISCO LTDA,COLEGIO DIRECIONAL RISCO E RABISCO,MATRIZ,ATIVA,8512100,5620103;8511200;8513900,ARACAJU,SE,"1000,00",01,PALAVRA_CHAVE_GR
13374202000226,COLEGIO DIRECIONAL RISCO E RABISCO LTDA,COLEGIO DIRECIONAL RISCO E RABISCO,FILIAL,ATIVA,8512100,5620103;8511200;8513900,ARACAJU,SE,"1000,00",01,PALAVRA_CHAVE_GR
06244590000184,JEFERSON LEITE OLIVEIRA LTDA,NATALTELECOM*AUTOMIDIA RASTREAMENTO,MATRIZ,ATIVA,7490104,7020400;8020001,NATAL,RN,"110000,00",01,PALAVRA_CHAVE_GR
02972878000114,POLAR TRANSPORTES E CARGAS LTDA,POLAR TRANSPORTE,MATRIZ,ATIVA,4761003,1412601;1413402;1821100;4292801;4321500;4330402;4330404;4637105;4642701;4642702;4645101;4646001;4647802;4649401;4649402;4649403;4649408;4649409;4651601;4651602;4684299;4712100;4721103;4723700;4724500;4741500;4742300;4744001;4744003;4744004;4744005;4744099;4759801;4763605;4781400;4789007;4923002;4929901;4930202;5021101;5022002;5250803;5250804;5620101;5911101;6391700;7020400;7312200;7319002;7319004;7319099;7320300;7490104;7711000;7719599;7729202;7732201;7739099;7820500;7830200;8020001;8121400;8211300;8230001;8650099;9001902;9001906,MANAUS,AM,"200000,00",01,CNAE_CARGA_TRANSPORTE
12066015000646,SERVI SAN VIGILANCIA E TRANSPORTE DE VALORES LTDA - EM RECUPERACAO JUDICIAL,,FILIAL,ATIVA,8011101,8020001,BELEM,PA,"31140413,00",05,CNAE_CARGA_TRANSPORTE
12066015000212,SERVI SAN VIGILANCIA E TRANSPORTE DE VALORES LTDA - EM RECUPERACAO JUDICIAL,,FILIAL,ATIVA,8011101,8012900;8020001,SAO LUIS,MA,"31140413,00",05,CNAE_CARGA_TRANSPORTE
12066015001103,SERVI SAN VIGILANCIA E TRANSPORTE DE VALORES LTDA - EM RECUPERACAO JUDICIAL,SERVI-SAN VIGILANCIA E TRANSPORTE DE VALORES LTDA,FILIAL,ATIVA,8011101,8012900;8020001,MANAUS,AM,"31140413,00",05,CNAE_CARGA_TRANSPORTE
12066015000131,SERVI SAN VIGILANCIA E TRANSPORTE DE VALORES LTDA - EM RECUPERACAO JUDICIAL,,MATRIZ,ATIVA,8011101,8020001,TERESINA,PI,"31140413,00",05,CNAE_CARGA_TRANSPORTE
12066015000301,SERVI SAN VIGILANCIA E TRANSPORTE DE VALORES LTDA - EM RECUPERACAO JUDICIAL,,FILIAL,ATIVA,8011101,8012900;8020001,BRASILIA,DF,"31140413,00",05,CNAE_CARGA_TRANSPORTE
12066015001294,SERVI SAN VIGILANCIA E TRANSPORTE DE VALORES LTDA - EM RECUPERACAO JUDICIAL,SERVI-SAN,FILIAL,ATIVA,8011101,8012900;8020001,JOAO PESSOA,PB,"31140413,00",05,CNAE_CARGA_TRANSPORTE
43035146004172,PROTEGE  PROTECAO E TRANSPORTE DE VALORES LTDA,PROTEGE PROTECAO E TRANSPORTE DE VALORES S/C LTDA,FILIAL,ATIVA,8012900,4930201;4930202;5211702;5211799;5229099;6209100;8011101;8020001;8219999,BRASILIA,DF,"282089641,00",05,CNAE_CARGA_TRANSPORTE
26427252000195,VAZ SYSTEM BLOQUEIO E RASTREAMENTO VEICULAR LTDA,VAZ SYSTEM RESTREAMENTO,MATRIZ,ATIVA,4530703,3321000;4321500;4530706;4751201;4753900;5819100;6311900;6319400;7490104;7740300;8020001;8211300;8220200,BRASILIA,DF,"100000,00",01,PALAVRA_CHAVE_GR
05086689000132,SR TRANSPORTE E COMERCIO DE AUTO PECAS LTDA,SR CENTRO AUTOMOTIVO,MATRIZ,ATIVA,4923002,0810006;1413401;1413402;1813099;2330301;3600602;3811400;4213800;4299501;4322302;4391600;4399103;4511102;4520001;4520002;4520003;4520004;4520005;4520006;4520007;4530701;4530702;4530703;4530704;4530705;4541202;4637199;4639701;4642701;4642702;4643501;4644301;4645101;4645102;4645103;4647801;4649401;4649402;4649408;4651602;4664800;4669999;4672900;4679604;4681805;4686902;4691500;4723700;4724500;4732600;4741500;4744001;4744004;4744005;4744099;4751201;4752100;4753900;4755501;4755502;4755503;4759899;4761003;4763601;4763602;4763605;4772500;4781400;4921301;4921302;4929901;4930201;4930204;5211799;5212500;5229002;5250804;5320201;5320202;5911102;5911199;5912099;7311400;7319099;7711000;7719501;7719599;7721700;7732201;7739003;7739099;8011101;8020001;8111700;8121400;8129000;8211300;8219901;8621602,MANAUS,AM,"200000,00",01,CNAE_CARGA_TRANSPORTE
05407607000104,MICHAEL DA SILVA COSTA,EMBARQUE BEN TURISMO E RASTREAMENTO VEICULAR RENT A CAR,MATRIZ,ATIVA,7911200,4120400;4923002;7711000;8020001,MANAUS,AM,"0,00",01,PALAVRA_CHAVE_GR
09511609000108,CMS SEVEN E SERVICOS GERAIS LTDA,CMS MONITORAMENTO,MATRIZ,ATIVA,8020001,,BRASILIA,DF,"30000,00",01,PALAVRA_CHAVE_GR
10950643000150,RASTREAR PRIME RASTREAMENTO E SERVICOS LTDA,RASTREAR PRIME,MATRIZ,ATIVA,4520001,4520002;4530703;4763603;5229002;7711000;8020001;8211300,FEIRA DE SANTANA,BA,"100000,00",01,PALAVRA_CHAVE_GR
11950525000104,C F G LOPES JUNIOR,SLZ MONITORAMENTO DE MIDIA,MATRIZ,ATIVA,7320300,1813001;1813099;5620102;6201501;6311900;6399200;7020400;7420001;7420002;7420003;7420004;7729202;7733100;7739003;7739099;8230001;9511800,SAO LUIS,MA,"100000,00",01,PALAVRA_CHAVE_GR
12984711000127,BIMODAL CONSTRUCOES E TRANSPORTE DE CARGA LTDA,TRANSLOCAR,MATRIZ,ATIVA,4120400,4211101;4212000;4213800;4221901;4221902;4221903;4221905;4330402;4330404;4330499;4744001;4744002;4744004;4930201;4930202;7719599;7739001;7739003;7810800;8020001;8020002;8111700;8121400;8122200;8129000;8130300;8211300;8219901;8219999;9521500,MANAUS,AM,"200000,00",01,CNAE_CARGA_TRANSPORTE
15164085000110,ITA-SAT  RASTREAMENTOS  LTDA,ITASAT RASTREAMENTO,MATRIZ,ATIVA,8020001,,VITORIA,ES,"100000,00",01,PALAVRA_CHAVE_GR
15416494000167,GLM SOLAR E RASTREAMENTOS LTDA,GLM SOLAR E RASTREAMENTOS,MATRIZ,ATIVA,4742300,4321500;4511102;4512901;4744099;6619302;6622300;7319002;7490104;7719599,TERESINA,PI,"250000,00",01,PALAVRA_CHAVE_GR
10302706000161,100 RISCOS AUTO ELETRICA & ACESSORIOS LTDA,100 RISCOS,MATRIZ,ATIVA,4530703,4520002;4520003,ARACAJU,SE,"10000,00",01,PALAVRA_CHAVE_GR
00360305495839,CAIXA ECONOMICA FEDERAL,"CN RISCO CREDITO, DF - CERIS/BR",FILIAL,ATIVA,6423900,,BRASILIA,DF,"105300000000,00",05,PALAVRA_CHAVE_GR
00360305428139,CAIXA ECONOMICA FEDERAL,"CERIS SA RISCO CREDITO, BA",FILIAL,ATIVA,6423900,,SALVADOR,BA,"105300000000,00",05,PALAVRA_CHAVE_GR
00360305495910,CAIXA ECONOMICA FEDERAL,CN MONITORAMENTO RISCO OPERACIONAL - CEMON/BR,FILIAL,ATIVA,6423900,,BRASILIA,DF,"105300000000,00",05,PALAVRA_CHAVE_GR
00360305538821,CAIXA ECONOMICA FEDERAL,GIRIS-GI RISCO DE CREDITO NATAL RN,FILIAL,ATIVA,6423900,,NATAL,RN,"105300000000,00",05,PALAVRA_CHAVE_GR
15622081000210,TRUCK PAY SERVICOS DE RASTREAMENTO LTDA,XTRACKER,FILIAL,ATIVA,8020001,4520007;6190699;7739099,SAO LUIS,MA,"1000000,00",03,PALAVRA_CHAVE_GR
17296825000289,FM TRANSPORTES E SERVICOS LTDA,FM TRANSPORTES E SERVICOS,FILIAL,ATIVA,4930202,4313400;4321500;4330404;4399103;4619200;4923002;4930204;5211799;5229002;5229099;5250805;5320201;5620101;6190699;7112000;7319003;7711000;7732201;7739099;7810800;7830200;8020001;8111700;8121400;8122200;8129000;8130300;8211300;8219999;8220200;8299701;8650001;9512600;9521500,MANAUS,AM,"800000,00",01,CNAE_CARGA_TRANSPORTE
17677672000139,ROSBERG COSTA SANTOS,RAIMUNDO SOM RASTREADORES - SERAUTO,MATRIZ,ATIVA,4520007,,TERESINA,PI,"15000,00",01,PALAVRA_CHAVE_GR
18445469000108,ZOOMTEC - SERVICOS DE RASTREAMENTO DE VEICULOS LTDA,ZOOMTEC,MATRIZ,ATIVA,8020001,4530703;6190699,BELEM,PA,"10000,00",01,PALAVRA_CHAVE_GR
18900372000130,TELENSAT TELEMETRIA TELEMATICA IOT COMPANY LTDA,TELENSAT RASTREAMENTO E MONITORAMENTO,MATRIZ,ATIVA,8020001,4321500;4329104;4520001;4520003;4520004;4520005;4520007;6010100;6130200;6190699;6209100;6311900;8011101;8211300;9512600,SAO LUIS,MA,"100000,00",01,PALAVRA_CHAVE_GR
22089724000196,DELCAR RASTREAMENTO LTDA,DELCAR RASTREAMENTO,MATRIZ,ATIVA,9511800,4321500;4751201;7711000,BRASILIA,DF,"80000,00",01,PALAVRA_CHAVE_GR
22860672000100,ALFA RASTREAMENTO LTDA,ALFA RASTREAMENTO,MATRIZ,ATIVA,8020001,4520001;4520007,TERESINA,PI,"50000,00",01,PALAVRA_CHAVE_GR
23531760000120,RIBEIRO & LEITE LTDA,PIAUI RASTREAMENTO E SERVICOS,MATRIZ,ATIVA,8020001,4520001;4520007;4530703;4530704;4541206;7711000;7719599,TERESINA,PI,"80000,00",01,PALAVRA_CHAVE_GR
24769037000147,ROTAS MONITORAMENTO LTDA,,MATRIZ,ATIVA,4321500,4751201;6209100;8020001,SAO LUIS,MA,"100000,00",01,PALAVRA_CHAVE_GR
09449938000168,J N TRANSPORTE E TURISMO LTDA,J N TRANSPORTE E TURISMO,MATRIZ,ATIVA,4929902,0810006;3314708;4120400;4211101;4213800;4221902;4221903;4222701;4299501;4311802;4313400;4321500;4322301;4322302;4330401;4330403;4330404;4391600;4399103;4399104;4399105;4399199;4520007;4639701;4649408;4651602;4661300;4673700;4712100;4921301;4922102;4922103;4923002;4929903;4930201;4930202;4930204;5229099;6190699;6209100;7111100;7112000;7739099;8020001;8121400;8122200;8129000;8211300;8219999,MANAUS,AM,"150000,00",01,CNAE_CARGA_TRANSPORTE
22083674000130,NOVO MANA REPRESENTACAO COMERCIAL LTDA,EBS THECH RASTREAMENTO,MATRIZ,ATIVA,4619200,,SALVADOR,BA,"1000,00",01,PALAVRA_CHAVE_GR
24699873000100,SOUSA SANTANA E GOMES LTDA,RASTREAR,MATRIZ,ATIVA,8020001,,TERESINA,PI,"20000,00",01,PALAVRA_CHAVE_GR
18301502000118,MR GERENCIAMENTO DE RESIDUOS E LOGISTICA REVERSA LTDA,ECO TI AMBIENTAL,MATRIZ,ATIVA,3811400,3313901;3701100;3702900;3812200;3821100;4399104;4530703;4530705;4687701;4687702;4687703;4752100;4753900;4923002;4929902;4930202;4930203;5212500;6209100;7111100;7112000;7490199;7711000;7719599;7739099;8020001;8129000;8299799;9511800;9521500,ARACAJU,SE,"990000,00",03,CNAE_CARGA_TRANSPORTE
24554773000188,"MANASEG SERVICOS, COMERCIO E MONITORAMENTO DE SEGURANCA ELETRONICA LTDA",MANASEG SERVICOS,MATRIZ,ATIVA,8020001,3312102;3329599;4321500;4322301;4322302;4322303;4330404;4742300;4753900;4757100;4759899;6190699;6209100;6311900;6822600;7490199;7739099;8020002;8121400;8129000;8130300;8211300;8219999;8220200;8299799;9521500;9609299,JOAO PESSOA,PB,"100000,00",03,PALAVRA_CHAVE_GR
26193944000620,BSL - BRINKS - SOLUCOES LOGISTICAS LTDA,,FILIAL,ATIVA,4930202,3314710;4930203;5232000;5250803;5250804;5250805;7490199;7739099;8020001,VITORIA,ES,"12550000,00",05,CNAE_CARGA_TRANSPORTE
26193944000388,BSL - BRINKS - SOLUCOES LOGISTICAS LTDA,,FILIAL,ATIVA,4930202,3314710;4930203;5211701;5211799;5232000;5250803;5250804;5250805;7490199;7739099;8020001;8020002;8292000,MANAUS,AM,"12550000,00",05,CNAE_CARGA_TRANSPORTE
26303095000106,PAULO HENRIQUE DA SILVA,FOCUS RASTREADORES E TECNOLOGIAS,MATRIZ,ATIVA,4520007,3312102;4321500;5229002;6190699;7739099;8020001;8020002;9511800;9512600;9521500,NATAL,RN,"1500,00",01,PALAVRA_CHAVE_GR
26509532000142,ANA MARIA C DOS SANTOS & SILVIO T QUEIROZ LTDA,JG RASTREAMENTO & SOLUCOES TECNOLOGICAS,MATRIZ,ATIVA,8020002,4321500;4530703;4751201;4752100;4757100;4759899;6190699;8599603;8599605;9511800,BELEM,PA,"5000,00",01,PALAVRA_CHAVE_GR
28714625000134,PLENA GERENCIADORA E ASSESSORIA LTDA,PLENA GERENCIADORA,MATRIZ,ATIVA,6920601,,SALVADOR,BA,"100000,00",01,PALAVRA_CHAVE_GR
00687730000102,SAGA SERVICOS DE VIGILANCIA E TRANSPORTE DE VALORES LTDA,SAGA,MATRIZ,ATIVA,8011101,5211799;8012900;8020001,BELEM,PA,"1800000,00",05,CNAE_CARGA_TRANSPORTE
29387758000106,GMR EMPREENDIMENTOS LTDA,LOCALIZA 24 HS - RASTREAMENTO VEICULAR,MATRIZ,ATIVA,7739099,4520007;4530703;8020001,BELEM,PA,"150000,00",01,PALAVRA_CHAVE_GR
00914803000313,FEDERAL SEGURANCA E TRANSPORTE DE VALORES LTDA,FEDERAL SEGURANCA,FILIAL,ATIVA,8012900,5211799;5229099;8011101;8020001,BRASILIA,DF,"5256000,00",05,CNAE_CARGA_TRANSPORTE
29783241000136,SNIPER RASTREAMENTOS VEICULAR LTDA,SNIPER RASTREAMENTOS VEICULAR,MATRIZ,ATIVA,8020001,4520007,TERESINA,PI,"50000,00",03,PALAVRA_CHAVE_GR
30107966000193,R C FURTADO TRANSPORTES LTDA,R C TRANSPORTES,MATRIZ,ATIVA,4930203,0161099;4120400;4213800;4222701;4313400;4321500;4322301;4322303;4329104;4330401;4391600;4399103;4399105;4924800;4930201;4930202;5212500;7020400;7739099;7820500;8020001;8121400;8299799,SAO LUIS,MA,"1000000,00",01,CNAE_CARGA_TRANSPORTE
30690923000183,TOP RASTREAMENTO/MONITORAMENTO & ASSISTENCIA 24 HS LTDA,TOP RASTREADOR VEICULAR,MATRIZ,ATIVA,8020001,4321500;4520005;4530703;4753900;4759899;5229002;6190699;8220200;8299799;9521500,BRASILIA,DF,"50000,00",01,PALAVRA_CHAVE_GR
31281394000127,ML MONITORAMENTO E SERVICOS LTDA,AVANTSEG MONITORAMENTO E SERVICOS,MATRIZ,ATIVA,8020001,4759899;7739099;8111700;8121400,JOAO PESSOA,PB,"95400,00",01,PALAVRA_CHAVE_GR
31519479000109,R&A SERVICOS DE MONITORAMENTO LTDA,R&A SERVICOS,MATRIZ,ATIVA,8020001,8011101,SALVADOR,BA,"100000,00",01,PALAVRA_CHAVE_GR
11660106007060,VERISURE BRASIL MONITORAMENTO DE ALARMES S.A,,FILIAL,ATIVA,8020001,3329599;4321500,ARACAJU,SE,"1192116853,81",05,PALAVRA_CHAVE_GR
11660106007574,VERISURE BRASIL MONITORAMENTO DE ALARMES S.A,,FILIAL,ATIVA,8020001,3329599;4321500,MANAUS,AM,"1192116853,81",05,PALAVRA_CHAVE_GR
11660106003820,VERISURE BRASIL MONITORAMENTO DE ALARMES S.A,,FILIAL,ATIVA,8020001,3329599;4321500,SALVADOR,BA,"1192116853,81",05,PALAVRA_CHAVE_GR
11660106007493,VERISURE BRASIL MONITORAMENTO DE ALARMES S.A,,FILIAL,ATIVA,8020001,3329599;4321500,SAO LUIS,MA,"1192116853,81",05,PALAVRA_CHAVE_GR
11660106006764,VERISURE BRASIL MONITORAMENTO DE ALARMES S.A,,FILIAL,ATIVA,8020001,3329599;4321500;9001999,NATAL,RN,"1192116853,81",05,PALAVRA_CHAVE_GR
11660106002505,VERISURE BRASIL MONITORAMENTO DE ALARMES S.A,,FILIAL,ATIVA,8020001,3313999;3329599;4321500,BRASILIA,DF,"1192116853,81",05,PALAVRA_CHAVE_GR
11660106006683,VERISURE BRASIL MONITORAMENTO DE ALARMES S.A,,FILIAL,ATIVA,8020001,3329599;4321500;9001999,JOAO PESSOA,PB,"1192116853,81",05,PALAVRA_CHAVE_GR
11660106004710,VERISURE BRASIL MONITORAMENTO DE ALARMES S.A,,FILIAL,ATIVA,8020001,3329599;4321500,VITORIA,ES,"1192116853,81",05,PALAVRA_CHAVE_GR
11660106006926,VERISURE BRASIL MONITORAMENTO DE ALARMES S.A,,FILIAL,ATIVA,8020001,3329599;4321500;9001999,FEIRA DE SANTANA,BA,"1192116853,81",05,PALAVRA_CHAVE_GR
11660106007221,VERISURE BRASIL MONITORAMENTO DE ALARMES S.A,,FILIAL,ATIVA,8020001,3329599;4321500,BELEM,PA,"1192116853,81",05,PALAVRA_CHAVE_GR
33300230000125,WT VIGILANCIA MONITORAMENTO E RASTREAMENTO LTDA,WT VIGILANCIA MONITORAMENTO E RASTREAMENTO,MATRIZ,ATIVA,8020001,6190699;7020400;7739099;8111700,MANAUS,AM,"80000,00",01,PALAVRA_CHAVE_GR
34804907000125,MAIS VALOR CONSTRUCAO E MONITORAMENTO LTDA,GRUPO + VALOR,MATRIZ,ATIVA,4120400,4321500;4330404;4399199;7319003;7733100;7739099;8011101;8020001;8111700;8130300;8211300;8219999;8220200;9529102,BRASILIA,DF,"500000,00",01,PALAVRA_CHAVE_GR
29722841000194,P.J IMPERIO MONITORAMENTO DE SISTEMAS DE SEGURANCA 24HS LTDA,IMPERIO GOLD RASTREAMENTO,MATRIZ,ATIVA,8020001,4520001;4520003;4520004;4530704;4530705;4732600,SALVADOR,BA,"130000,00",01,PALAVRA_CHAVE_GR
38421634000190,JRS RASTREAMENTO VEICULAR LTDA,MAX TRACKER RASTREAMENTO VEICULAR LTDA,MATRIZ,ATIVA,8020001,4321500;4520007;4530701;4530703;4753900;8020002;8299799,SAO LUIS,MA,"8000,00",01,PALAVRA_CHAVE_GR
40550301000103,AGUIA TRACKER RASTREAMENTO VEICULAR LTDA,AGUIA TRACKER RASTREAMENTO VEICULAR,MATRIZ,ATIVA,8020001,4751201;4752100;6311900;9511800;9512600,BRASILIA,DF,"200000,00",01,PALAVRA_CHAVE_GR
40863098000125,IMPERIO MONITORAMENTO E COMERCIO DA AMAZONIA LTDA,IMPERIO MONITORAMENTO 24H,MATRIZ,ATIVA,8020001,4321500;4520007;4651601;4651602;4652400;4751201;4752100;4753900;7490104;8011101,MANAUS,AM,"450000,00",03,PALAVRA_CHAVE_GR
13466173000222,THE GUARDIAN MONITORAMENTO DE SISTEMAS DE SEGURANCA ELETRONICO LTDA,,FILIAL,ATIVA,8020001,,BELEM,PA,"100000,00",03,PALAVRA_CHAVE_GR
28191283000115,BL RASTREADORES DE VEICULOS LTDA,BL RASTREADORES DE VEICULOS,MATRIZ,ATIVA,8020002,4321500;4399105;4512901;4520007;4530703;4541206;4643501;4753900;4772500;4929902;5229002;7711000;8020001,MANAUS,AM,"120000,00",01,PALAVRA_CHAVE_GR
35415257000199,JGL SERVICOS E APOIO PATRIMONIAL LTDA,JGL MONITORAMENTO,MATRIZ,ATIVA,8020001,4321500;4753900;8020002;8111700,NATAL,RN,"110000,00",01,PALAVRA_CHAVE_GR
27437808000197,R C OLIVEIRA,R3 SECURITY SEGURANCA ELETRONICA E MONITORAMENTO,MATRIZ,ATIVA,4759899,4321500;4744099;8020001;8299799,FEIRA DE SANTANA,BA,"1,00",01,PALAVRA_CHAVE_GR
09228233000463,ESTACAO VIP VIGILANCIA E TRANSPORTE DE VALORES LTDA,ESTACAO VIP SEGURANCA PRIVADA,FILIAL,ATIVA,8011101,8020001,BELEM,PA,"4350000,00",05,CNAE_CARGA_TRANSPORTE
09228233000382,ESTACAO VIP VIGILANCIA E TRANSPORTE DE VALORES LTDA,ESTACAO VIP SEGURANCA PRIVADA E TRANSPORTE DE VALORES,FILIAL,ATIVA,8011101,8020001,MANAUS,AM,"4350000,00",05,CNAE_CARGA_TRANSPORTE
31985912000193,VIG RASTREAMENTO LTDA,VIG RASTREAMENTO,MATRIZ,ATIVA,4520007,3314706;3314707;3321000;4321500;4322301;4322302;6110801;6110803;6141800;6142600;7739099;8020001;9511800;9521500,JOAO PESSOA,PB,"50000,00",01,PALAVRA_CHAVE_GR
27544161000100,"PRIVAMAX PRIVACIDADE, PROTECAO DE DADOS, GOVERNANCA, RISCOS E COMPLIANCE LTDA","PRIVAMAX PRIVICIDADE, PROTECAO DE DADOS, GOVERNANCA, RI",MATRIZ,ATIVA,6204000,6201501;6203100;6209100;6311900;6319400;7020400;7311400;7319002;8011101;8020001;8599603;8599604;8599605,BRASILIA,DF,"93700,00",01,PALAVRA_CHAVE_GR
24574383000412,SAMSUNG SDS LATIN AMERICA TECNOLOGIA E LOGISTICA LTDA.,,FILIAL,ATIVA,5250805,4321500;4751201;4753900;4930201;4930202;4930203;5012201;5021101;5211799;5212500;5232000;5250801;5250803;5250804;6190699;6201501;6202300;6203100;6204000;6209100;6311900;7120100;7490104;7733100;7739099;8020001;8211300;8220200;8299799;8599604;9511800;9512600,MANAUS,AM,"313354134,59",05,CNAE_CARGA_TRANSPORTE
43158063000183,ROTA FACIL LOGISTICA E TURISMO LTDA,ROTA FACIL LOGISTICA E TURISMO,MATRIZ,ATIVA,7911200,4921301;4923002;4929902;4929904;4930201;4930202;5229099;5250803;6204000;6821801;7020400;7112000;7120100;7711000;7732201;7912100;8011101;8020001;8599604,TERESINA,PI,"100000,00",01,CNAE_CARGA_TRANSPORTE
43304066000188,THIAGO BEZERRA BARBOSA MAIA,T&M RASTREADOR E ACESSORIOS,MATRIZ,ATIVA,8020001,4530703,JOAO PESSOA,PB,"50000,00",03,PALAVRA_CHAVE_GR
43304066000340,THIAGO BEZERRA BARBOSA MAIA,T&M RASTREADOR E ACESSORIOS,FILIAL,ATIVA,8020001,4530703,JOAO PESSOA,PB,"50000,00",03,PALAVRA_CHAVE_GR
33989128000260,LOCALIZE SAT SISTEMAS DE MONITORAMENTO PARA VEICULOS LTDA,,FILIAL,ATIVA,8020001,4321500;4752100;7739099,JOAO PESSOA,PB,"150000,00",01,PALAVRA_CHAVE_GR
31908628000113,NOVA MONITORAMENTO SOLUCOES INTELIGENTES LTDA,NOVA MONITORAMENTO,MATRIZ,ATIVA,4321500,4751201;8211300;9511800,BRASILIA,DF,"50000,00",01,PALAVRA_CHAVE_GR
36392844000172,ATUALIZE RASTREAMENTO VEICULAR LTDA,ATUALIZE RASTREAMENTO VEICULAR,MATRIZ,ATIVA,4530703,4520007;8020001,BRASILIA,DF,"45000,00",01,PALAVRA_CHAVE_GR
26219875000172,PULSATRIX TECNOLOGIA DA INFORMACAO LTDA,CONECTE MONITORAMENTO EMERGENCIAL,MATRIZ,ATIVA,8020001,3329599;4751201;4753900;6201501;6202300;6203100;6204000;6209100;7733100;8020002;9511800;9512600;9521500,ARACAJU,SE,"400000,00",05,PALAVRA_CHAVE_GR
35703232000190,T M DE SOUSA RASTREAMENTO LTDA,MURADA RASTREAMENTO VEICULAR,MATRIZ,ATIVA,4520007,4321500;4511101;4511102;4541203;4541204;4541206;4541207;4752100;4757100;4759899;7711000;7719599;8020001,SAO LUIS,MA,"100000,00",01,PALAVRA_CHAVE_GR
39945321000102,SAFE RASTREAMENTO E TECNOLOGIA EMBARCADA LTDA,SAFE RASTREAMENTO E TECNOLOGIA EMBARCADA,MATRIZ,ATIVA,8020001,4321500;4520007;6190699;7319002;7711000;8020002;9511800,BELEM,PA,"10000,00",01,PALAVRA_CHAVE_GR
10592109000119,PREMIER LOGISTICS GESTAO EMPRESARIAL LTDA,PREMIER LOGISTICS,MATRIZ,ATIVA,7830200,1813099;3811400;4520005;4923002;5211701;5223100;5231102;5232000;5240101;5240199;5250801;5250802;5250803;5250804;5250805;5320201;5320202;5829800;6311900;7020400;7120100;7490104;7711000;7732201;7739099;7810800;7820500;8020001;8111700;8121400;8129000;8130300;8219999;8220200;8299701;8299799;8599604;9609299,SALVADOR,BA,"450000,00",01,CNAE_CARGA_TRANSPORTE
36837579000199,SOS MONITORAMENTO E RASTREAMENTO RN LTDA,SOS MONITORAMENTO E RASTREAMENTO,MATRIZ,ATIVA,8020001,,NATAL,RN,"50000,00",01,PALAVRA_CHAVE_GR
36837579000270,SOS MONITORAMENTO E RASTREAMENTO RN LTDA,SOS MONITORAMENTO E RASTREAMENTO,FILIAL,ATIVA,8020001,,NATAL,RN,"50000,00",01,PALAVRA_CHAVE_GR
30609644000304,AUTO DEFESA BRASIL TECNOLOGIA E MONITORAMENTO DE SISTEMAS ELETRONICOS S/A,AUTO DEFESA BRASIL,FILIAL,ATIVA,8020001,3314710;3319800;3329599;4751201;4753900;6202300;6203100;6209100;6319400;7739099;8020002;8299799,BRASILIA,DF,"3150000,00",05,PALAVRA_CHAVE_GR
47147305000194,SENA RASTREAMENTO VEICULAR LTDA,AGUIA RASTREAMENTO VEICULAR,MATRIZ,ATIVA,8020001,4321500,BRASILIA,DF,"50000,00",01,PALAVRA_CHAVE_GR
47276388000111,C G I CONSULTORIA PROJETOS E SERVICOS DE SEGURANCA ELETRONICA LTDA,OBSERVE MONITORAMENTO INTELIGENTE,MATRIZ,ATIVA,8020001,4321500;4771701;6319400,MANAUS,AM,"100000,00",03,PALAVRA_CHAVE_GR
48191657000100,N N LIMA PIMENTEL MAO LTDA,RAVENA RASTREAMENTO MAO,MATRIZ,ATIVA,8020001,,MANAUS,AM,"80000,00",03,PALAVRA_CHAVE_GR
50404966000162,VECSAT RASTREAMENTO LTDA,VECSAT RASTREAMENTO,MATRIZ,ATIVA,8020001,4520003;4520007;5229002;7719599;7739099,JOAO PESSOA,PB,"10000,00",01,PALAVRA_CHAVE_GR
50515604000149,CABE PROMOCAO DE VENDAS LTDA,CABE SEGURANCA E MONITORAMENTO,MATRIZ,ATIVA,7319002,7740300,BRASILIA,DF,"10000,00",01,PALAVRA_CHAVE_GR
52026140000132,G & P TRANSPORTADORA LTDA,G & P TRANSPORTADORA,MATRIZ,ATIVA,4930202,4520001;4520002;4520003;4520006;4530703;4530704;4924800;4929901;4930204;8020001,SAO LUIS,MA,"50000,00",01,CNAE_CARGA_TRANSPORTE
52067864000124,MAPROTEM SERVICOS DE MONITORAMENTO LTDA,MAPROTEM,MATRIZ,ATIVA,8020001,3313901;3313999;3314707;3314710;4221902;4221903;4292801;4292802;4299599;4312600;4322301;4322302;4329104;4329199;4330401;4330404;4330499;4399103;4399105;4511102;4512901;4752100;4757100;4930202;6190699;7020400;7111100;7112000;7119701;7119702;7119703;7119704;7120100;7410202;7490104;7711000;7719599;7732201;8121400;8129000;8130300;8211300;8219999;8299701;8599604,MANAUS,AM,"100000,00",01,PALAVRA_CHAVE_GR
52240739000174,SEGURANCA ELETRONICA E ATUALIZACAO PROFISSIONAL LTDA,GLADIO SEGURANCA E MONITORAMENTO,MATRIZ,ATIVA,8111700,3314706;4322303;8020001;8129000;8591100;8599604;9319101,SALVADOR,BA,"60000,00",01,PALAVRA_CHAVE_GR
52620534000114,COMANDOS RASTREADORES LTDA,,MATRIZ,ATIVA,8020001,4530703;4530704,MANAUS,AM,"25200,00",01,PALAVRA_CHAVE_GR
52766741000181,GODOY SOLUCOES EM SEGURANCA E RASTREAMENTO VEICULAR LTDA,RS GODOY SEGURANCA E RASTREAMENTO VEICULAR,MATRIZ,ATIVA,8020001,4321500;4329105;4520003;4520007;4530703;4530704;4541206;4541207;4753900;4757100;7739099,MANAUS,AM,"180000,00",01,PALAVRA_CHAVE_GR
52856506000109,COMUSEG SEGURANCA E MONITORAMENTO LTDA,COMUSEG MONITORAMENTO,MATRIZ,ATIVA,8020001,4751201,SALVADOR,BA,"120000,00",01,PALAVRA_CHAVE_GR
52973918000110,W S MONTEIRO  LTDA,ABS TRACK RASTREIO VEICULAR,MATRIZ,ATIVA,8020001,4321500;4530703;4752100;6190699;7490199,SAO LUIS,MA,"2000,00",01,CNAE_CARGA_TRANSPORTE
05687034000110,MAXIMA SERVICOS DE MONITORAMENTO ELETRONICO LTDA,MAXIMA,MATRIZ,ATIVA,7739099,4321500;4520007;8020001,BELEM,PA,"315000,00",03,PALAVRA_CHAVE_GR
05687034000462,MAXIMA SERVICOS DE MONITORAMENTO ELETRONICO LTDA,MAXIMA,FILIAL,ATIVA,7739099,4321500;4520007;8020001,BELEM,PA,"315000,00",03,PALAVRA_CHAVE_GR
54476792000102,INGRID KIMBERLY ATAIDE GOMES LTDA,GT RASTREAMENTO,MATRIZ,ATIVA,8020001,,MANAUS,AM,"500000,00",03,PALAVRA_CHAVE_GR
54717569000100,T. F. MENDES VIGILANCIA E MONITORAMENTO LTDA,,MATRIZ,ATIVA,8020001,7490105;7810800;8011101;8111700;8121400;8599604,SAO LUIS,MA,"10000,00",01,PALAVRA_CHAVE_GR
54757854000146,SAFE IOT SOLUCOES EM TELEMETRIA AVANCADA E RASTREAMENTO LTDA,SAFE IOT,MATRIZ,ATIVA,8020001,4520007;6130200;6190699;8211300,MANAUS,AM,"50000,00",03,PALAVRA_CHAVE_GR
55015049000100,R. CRUZ SANTOS,RC VIGILANCIA COM MONITORAMENTO ELETRONICO,MATRIZ,ATIVA,8011101,4321500;4322301;4330404;6619399;9511800,SALVADOR,BA,"110000,00",01,PALAVRA_CHAVE_GR
55341905000117,JR MONITORAMENTO LTDA,,MATRIZ,ATIVA,8020002,4321500;4322301;4330404;4399103;8020001;8111700;8130300;8230001;8299799,BRASILIA,DF,"20000,00",01,PALAVRA_CHAVE_GR
55456935000179,ASSOCIACAO PROTETIVA DE BENS AUTOMOTIVOS,ASSOCIACAO ZERO RISCO,MATRIZ,ATIVA,9499500,,ARACAJU,SE,"0,00",05,PALAVRA_CHAVE_GR
51052949000176,RASTROSIGA SERVICOS DE RASTREAMENTO E MONITORAMENTO LTDA,RASTROSIGA RASTREAMENTO,MATRIZ,ATIVA,8020001,3329599;4221905;4520003;4520007;4651601;4651602;4652400;4751201;4752100;4753900;4757100;4789008;5229002;6110803;6110899;6120599;6190699;6209100;8011101;8020002;9512600,MANAUS,AM,"100000,00",01,PALAVRA_CHAVE_GR
53553155000111,M PRO SERVICOS DE MONITORAMENTO ELETRONICO LTDA,,MATRIZ,ATIVA,8020001,,BRASILIA,DF,"150000,00",01,PALAVRA_CHAVE_GR
56268589000168,SOLAR COMUNICACOES MULTIMIDIA E MONITORAMENTO LTDA,SOLAR COMUNICACOES,MATRIZ,ATIVA,6110803,4321500;4520007;6190601;8020001,MANAUS,AM,"400000,00",01,PALAVRA_CHAVE_GR
57242079000184,G-LOCK RASTREADORES LTDA,G-LOCK RASTREADORES,MATRIZ,ATIVA,4520007,4530703,BRASILIA,DF,"50000,00",01,PALAVRA_CHAVE_GR
21677849000336,"ALGEMAS BRASIL INDUSTRIA, COMERCIO E MONITORAMENTO DE SISTEMAS LTDA",,FILIAL,ATIVA,2532201,3292201;3292202;4642702;4649499;4669999;4763602;4781400;7739099;8020001,BRASILIA,DF,"2300000,00",05,PALAVRA_CHAVE_GR
58105559000166,NEXUS RASTREAMENTO E MONITORAMENTO LTDA,NEXUS RASTREAMENTO E MONITORAMENTO,MATRIZ,ATIVA,8020001,4520003;4520007;6190699,MANAUS,AM,"50000,00",01,PALAVRA_CHAVE_GR
59153373000145,EXPRESSO RASTREAMENTO 24H LTDA,EXPRESSO RASTREAMENTO 24H,MATRIZ,ATIVA,7739099,4520007;8020001,BELEM,PA,"146000,00",01,PALAVRA_CHAVE_GR
59521242000173,LOCALIZEI RASTREADORES LTDA,,MATRIZ,ATIVA,8020001,4321500;4520007;4751201,MANAUS,AM,"200000,00",01,PALAVRA_CHAVE_GR
59894239000103,GPS TRACK MONITORAMENTO ELETRONICO E ASSISTENCIA 24 HORAS LTDA,GPS TRACK ASSISTENCIA 24 HORAS,MATRIZ,ATIVA,8020001,5229002,SALVADOR,BA,"200000,00",01,PALAVRA_CHAVE_GR
61302904000166,CAMPOS PROTECT MONITORAMENTO ESPECIALIZADO LTDA,CAMPOS PROTECT,MATRIZ,ATIVA,8020001,,VITORIA,ES,"5000,00",01,PALAVRA_CHAVE_GR
60413421000176,ES REPARACAO E MANUTENCAO DE VEICULOS LTDA,RISCOS E MOSSAS,MATRIZ,ATIVA,4520001,,SALVADOR,BA,"10000,00",01,PALAVRA_CHAVE_GR
58741706000194,GOLD RASTREAMENTO LTDA,GOLD RASTREAMENTO 24 HORAS,MATRIZ,ATIVA,8020001,4520007;4530703,BELEM,PA,"300000,00",03,PALAVRA_CHAVE_GR
62396604000156,ROTA REAL RASTREAMENTOS LTDA,ROTA REAL RASTREAMENTOS,MATRIZ,ATIVA,8020001,4614100,SALVADOR,BA,"20000,00",01,PALAVRA_CHAVE_GR
62404221000182,TATICA RASTREAMENTO E LOCACAO DE VEICULOS LTDA,TATICA RASTREAMENTO E LOCACAO DE VEICULOS,MATRIZ,ATIVA,8020001,4520001;4520003;4520007;4530703;4530704;4541206;4712100;7711000,MANAUS,AM,"50000,00",01,PALAVRA_CHAVE_GR
62857109000105,PROTEC GESTAO DE RISCOS E INTELIGENCIA EMPRESARIAL LTDA,PROTEC SOLUTIONS,MATRIZ,ATIVA,8030700,4321500;6209100;7490104;8020002,SALVADOR,BA,"500000,00",01,PALAVRA_CHAVE_GR
63276658000140,AMS GESTAO PREDIAL & MONITORAMENTO LTDA.,AMS GESTAO PREDIAL & MONITORAMENTO,MATRIZ,ATIVA,8112500,8011101;8020001;8020002;8111700;8129000,BELEM,PA,"50000,00",01,PALAVRA_CHAVE_GR
15138637000205,ANDERSON VIEIRA DA SILVA ARQUITETURA LTDA,VISION SECURITY E MONITORAMENTO,FILIAL,ATIVA,8020001,4321500;7020400;7490199;7739099;8020002;8111700;8219999;9512600,MANAUS,AM,"150000,00",03,PALAVRA_CHAVE_GR
66771758000131,P&G RASTREAMENTOS LTDA,,MATRIZ,ATIVA,8020001,6209100,BRASILIA,DF,"5000,00",01,PALAVRA_CHAVE_GR
61977637000127,M S COMERCIO E LOGISTICA LTDA,METAL RECICLE,MATRIZ,ATIVA,4687703,0161002;2330301;2330302;2330305;2511000;2512800;2539001;2539002;2599301;3101200;3250709;3313901;3314704;3314707;3321000;3329599;3811400;3812200;3821100;3822000;3831901;3831999;3832700;4120400;4221902;4292801;4299501;4311801;4311802;4312600;4313400;4319300;4321500;4322301;4322302;4322303;4329104;4329199;4330401;4330402;4330403;4330404;4330405;4330499;4391600;4399101;4399102;4399103;4399105;4399199;4520008;4663000;4672900;4673700;4679699;4687701;4687702;4741500;4742300;4744001;4744003;4744099;4774100;4930201;4930202;5021102;5212500;5250804;5320202;5829800;6201501;6202300;6204000;7112000;7119703;7711000;7719599;7732201;7739003;7739099;8020001;8111700;8121400;8129000;8130300;8211300;8219999,MANAUS,AM,"700000,00",03,CNAE_CARGA_TRANSPORTE
05216472000108,J T PEREIRA TRANSPORTES E SERVICOS,ANIL TRANSPORTES,MATRIZ,ATIVA,7711000,4520002;4520004;4923002;4924800;4929901;8020001,SAO LUIS,MA,"500000,00",01,CNAE_CARGA_TRANSPORTE
05286752000265,TRANSERVIL-TRANSPORTE DE VALORES E SERVICOS DE VIGILAN,TRANSERVIL,FILIAL,ATIVA,8011101,8020001,BELEM,PA,"166000,00",01,CNAE_CARGA_TRANSPORTE
05286752000184,TRANSERVIL-TRANSPORTE DE VALORES E SERVICOS DE VIGILAN,TRANSERVIL,MATRIZ,ATIVA,8011101,8020001,SAO LUIS,MA,"166000,00",01,CNAE_CARGA_TRANSPORTE
11179264000685,PRESERVE SEGURANCA E TRANSPORTE DE VALORES LTDA,PRESERVE SEGURANCA E TRANSPORTE DE VALORES,FILIAL,ATIVA,8012900,8011101;8020001,FEIRA DE SANTANA,BA,"20000000,00",05,CNAE_CARGA_TRANSPORTE
11179264000251,PRESERVE SEGURANCA E TRANSPORTE DE VALORES LTDA,PRESERVE,FILIAL,ATIVA,8012900,8011101;8020001;8219999,SALVADOR,BA,"20000000,00",05,CNAE_CARGA_TRANSPORTE
11179264001304,PRESERVE SEGURANCA E TRANSPORTE DE VALORES LTDA,PRESERVE SEGURANCA E TRANSPORTE DE VALORES,FILIAL,ATIVA,8012900,5211799;8011101;8020001;8219999,ARACAJU,SE,"20000000,00",05,CNAE_CARGA_TRANSPORTE
11179264000847,PRESERVE SEGURANCA E TRANSPORTE DE VALORES LTDA,PRESERVE SEGURANCA E TRANSPORTE DE VALORES,FILIAL,ATIVA,8012900,8011101;8020001,NATAL,RN,"20000000,00",05,CNAE_CARGA_TRANSPORTE
02519784000194,3D MONITORAMENTO E SEGURANCA ELETRONICA LTDA,3D PRODUCOES,MATRIZ,ATIVA,8020001,1413401;8219901,BRASILIA,DF,"96000,00",01,PALAVRA_CHAVE_GR
07112772000164,"PHD RASTREADORES E LOCALIZADORES, IMPORTADORA, EXPORTADORA E SERVICOS LTDA",PHD RASTREADORES E LOCALIZADORES,MATRIZ,ATIVA,4520001,4520002;4520007;4530703;4751201;4752100;8020001;9512600,BRASILIA,DF,"20000,00",03,PALAVRA_CHAVE_GR
07112772000326,"PHD RASTREADORES E LOCALIZADORES, IMPORTADORA, EXPORTADORA E SERVICOS LTDA",PHD RASTREADORES E LOCALIZADORES,FILIAL,ATIVA,4520001,4520002;4520007;4530703;4751201;4752100;8020001;9512600,BRASILIA,DF,"20000,00",03,PALAVRA_CHAVE_GR
03636919000164,CENAPAR CENTRO DE ATENDIMENTO MEDICO A PACIENTES DE ALTO RISCO LTDA,CENAPAR CENTRO DE ATEND. MEDICO A PAC. DE ALTO RISCO,MATRIZ,ATIVA,8630599,,BRASILIA,DF,"17738,75",05,PALAVRA_CHAVE_GR
09328034000184,POTIGUAR LIDER PROTECAO VEICULAR LTDA,POTIGUAR LIDER PROTECAO VEICULAR,MATRIZ,ATIVA,8020001,,NATAL,RN,"300000,00",01,CNAE_CARGA_TRANSPORTE
12227928000192,NALDO TRANSPORTE ESCOLAR E TURISMO LTDA,TRANSNALDO,MATRIZ,ATIVA,4924800,4213800;4299501;4321500;4322301;4330402;4330404;4330405;4330499;4399103;4399199;8011101;8020001,BRASILIA,DF,"40000,00",01,CNAE_CARGA_TRANSPORTE
14059464000188,LEONARDO LEAL DE SOUZA,MANFRIOS SUPORTE E MONITORAMENTO DE CARRETAS FRIGORIFIC,MATRIZ,ATIVA,5091201,,BELEM,PA,"4500,00",01,PALAVRA_CHAVE_GR
16682814000193,TRACKVIX SOLUCOES EM TELEMETRIA E RASTREAMENTO LTDA,TRACKVIX,MATRIZ,ATIVA,8020001,9511800;9512600,VITORIA,ES,"50000,00",01,PALAVRA_CHAVE_GR
09102041000325,SELE NORTE 2 LOCADORA DE VEICULOS LTDA,MARCA LOC FROTAS MARANHAO,FILIAL,ATIVA,7711000,4923002;6190699;8020001;8211300,SAO LUIS,MA,"300000,00",05,CNAE_CARGA_TRANSPORTE
17505569000101,STR LOCACAO DE VEICULOS E RASTREAMENTO LTDA,STR LOCACAO E RASTREAMENTO,MATRIZ,ATIVA,8211300,7711000;8020001,MANAUS,AM,"500000,00",01,PALAVRA_CHAVE_GR
09113220000287,TRANSQUALITY MUDANCAS TRANSPORTES E SERVICOS LTDA,TRANSQUALITY SELF STORAGE,FILIAL,ATIVA,4930204,0161099;3702900;4313400;4399104;4921301;4923002;4924800;4929904;4930201;4930202;5211702;5212500;5229002;5250804;7319099;7711000;7719599;7731400;7732201;7810800;8011101;8020001;8121400;9001902,ARACAJU,SE,"1075000,00",03,CNAE_CARGA_TRANSPORTE
21249356000133,ALPHA ASSISTENCIA E MONITORAMENTO VEICULAR LTDA,ALPHA ASSISTENCIA E RASTREAMENTO VEICULAR,MATRIZ,ATIVA,8020001,4520007;4530703,SALVADOR,BA,"60000,00",01,PALAVRA_CHAVE_GR
05097661000281,CONTAGE CONSULTORIA EM TELECOMUNICACOES E MONITORAMENTO LTDA,,FILIAL,ATIVA,7739099,6190699;7020400;7112000;7119703;7711000;8020001;9512600,TERESINA,PI,"200000,00",01,PALAVRA_CHAVE_GR
22327056000198,MIRIAN PEREIRA DA SILVA 61541254376,EF RASTREAMENTO E MONITORAMENTO VEICULAR,MATRIZ,ATIVA,8011101,4530703;4541206;4751201;9511800,TERESINA,PI,"10000,00",01,PALAVRA_CHAVE_GR
22617798000158,OTIMIZA MONITORAMENTO E SERVICOS TECNICOS LTDA,OTIMIZA MONITORAMENTO E SERVICOS TECNICOS,MATRIZ,ATIVA,8121400,8129000,BRASILIA,DF,"80000,00",01,PALAVRA_CHAVE_GR
24318385000106,GIMAM SERVICOS DE LIMPEZA E TRANSPORTE LTDA,GIMAM SOLUCOES EM SERVICOS,MATRIZ,ATIVA,8121400,1413401;2539001;3313901;3313999;3314704;4321500;4322301;4322302;4330404;4399105;4520001;4520003;4623109;4637104;4639701;4641902;4641903;4642702;4645101;4646001;4647801;4649404;4649408;4651601;4673700;4679699;4691500;4692300;4712100;4723700;4724500;4729699;4741500;4744003;4751201;4753900;4756300;4761003;4763601;4763602;4772500;4781400;4789005;4789007;5250804;5320202;7020400;7711000;7733100;7810800;8020001;8111700;8122200;8129000;8130300;8211300,MANAUS,AM,"8000000,00",01,CNAE_CARGA_TRANSPORTE
24625077000115,AUTO SHOP RASTREAMENTO LTDA,AUTO SHOP RASTREAMENTO,MATRIZ,ATIVA,8020001,4520007;4530703;4541203;4541204;4757100;6209100;7711000;7719599;9521500,TERESINA,PI,"100000,00",01,PALAVRA_CHAVE_GR
23584581000151,FERNANDA EUGENIA W RABELO E CIA LTDA,SK PERFIL CARGA E DESCARGA,MATRIZ,ATIVA,5212500,3329599;4319300;4321500;4330402;4330404;4399199;4751201;4752100;4753900;4789008;4789099;6209100;6399200;8020002;8121400;8129000,MANAUS,AM,"4000,00",01,CNAE_CARGA_TRANSPORTE
16492868000196,07 RASTREAMENTO VEICULAR LTDA,07 RASTREAMENTO VEICULAR,MATRIZ,ATIVA,8020001,4520003;4520007;4530703;4530705;4752100;4757100;9609299,FEIRA DE SANTANA,BA,"100000,00",01,PALAVRA_CHAVE_GR
22337652000159,VETOR ASSESSORIA EM GESTAO LTDA,SMART RASTREAMENTO,MATRIZ,ATIVA,8599604,8211300,NATAL,RN,"20000,00",01,PALAVRA_CHAVE_GR
16711649000150,A. PEIXOTO DE JESUS,AUTONAV RASTREAMENTO,MATRIZ,ATIVA,8020001,4520007;4530703;4530704;4751201;4751202;4752100;4753900;4759899;6190699;9511800;9512600,FEIRA DE SANTANA,BA,"10000,00",01,PALAVRA_CHAVE_GR
19499566000219,LC MONITORAMENTO INTELIGENTE LTDA,OLHO VIVO BRASIL,FILIAL,ATIVA,8020001,4753900,VITORIA,ES,"450000,00",03,PALAVRA_CHAVE_GR
19097056000134,"D J E CONSTRUCOES, COMERCIO DE MATERIAL DE CONSTRUCAO,PRODUTOS ALIMENTICIOS E SERVICOS DE TRANSPORTES RODOVIARIOS LTDA",D J E CONSTRUCOES,MATRIZ,ATIVA,4744099,3811400;3812200;3821100;3822000;4120400;4211101;4211102;4212000;4213800;4221902;4221904;4221905;4222701;4222702;4223500;4291000;4292801;4292802;4299501;4311801;4312600;4313400;4321500;4322301;4322302;4322303;4329104;4329105;4330401;4330402;4330403;4330404;4391600;4399101;4399102;4399103;4399104;4399105;4399199;4639701;4651601;4651602;4665600;4674500;4679699;4712100;4729699;4761003;4911600;4921301;4921302;4923002;4924800;4929901;4929902;4929999;5011401;5012201;5021101;5021102;5223100;5231101;5231102;5250804;7020400;7112000;7732201;7732202;8011101;8020001;8020002;8112500;8121400,MANAUS,AM,"8000000,00",03,CNAE_CARGA_TRANSPORTE
13481088000152,CAMERA VISION LTDA,CAMERA VISION SEGURANCA ELETRONICA E MONITORAMENTO,MATRIZ,ATIVA,4753900,,SALVADOR,BA,"100000,00",01,PALAVRA_CHAVE_GR
12025133000100,D&G SONDAGEM SPT E POCO DE MONITORAMENTO LTDA,D&G SONDAGEM SPT E POCO DE MONITORAMENTO,MATRIZ,ATIVA,4312600,,BRASILIA,DF,"100000,00",01,PALAVRA_CHAVE_GR
10659934000193,DELLCAR SERVICOS DE MONITORAMENTO LTDA,DELLCAR SEGURANCA E MONITORAMENTO,MATRIZ,ATIVA,9511800,4321500;4751201,BRASILIA,DF,"72400,00",01,PALAVRA_CHAVE_GR
20669009000105,SEGAUTO MONITORAMENTO E COMERCIO DE PECAS DE VEICULOS LTDA,SEGAUTO MONITORAMENTO,MATRIZ,ATIVA,4520007,4530703;4530704,SALVADOR,BA,"100000,00",01,PALAVRA_CHAVE_GR
26295004000138,SIGA MONITORAMENTO E RASTREAMENTO LTDA,RASTREON - RASTREAMENTO E MONITORAMENTO DE VEICULOS,MATRIZ,ATIVA,7733100,4329102;4511101;4511102;4752100;8020001;9521500,MANAUS,AM,"90000,00",01,PALAVRA_CHAVE_GR
27255691000120,RODOLOG TRANSPORTE E LOGISTICA LTDA,RODOLOG LOGISTICA,MATRIZ,ATIVA,8020001,2539001;4520001;4520003;4520005;4520006;5212500;5250804;7119704;7719599;8111700;8121400;8219999,SAO LUIS,MA,"100000,00",01,CNAE_CARGA_TRANSPORTE
27423975000189,R A SILVA CORRETORA,PREV RISCO CORRETORA DE SEGUROS,MATRIZ,ATIVA,6622300,,SAO LUIS,MA,"3000,00",01,PALAVRA_CHAVE_GR
27687286000181,RAIO MONITORAMENTO LTDA,,MATRIZ,ATIVA,8111700,6209100;7490199;8020001,BRASILIA,DF,"100000,00",01,PALAVRA_CHAVE_GR
29923126000110,LOCALEZ RASTREAMENTO LTDA,LOCALEZ RASTREAMENTO,MATRIZ,ATIVA,8020001,7711000;8299799,BRASILIA,DF,"100000,00",01,PALAVRA_CHAVE_GR
30123150000153,FX MANUTENCAO E SERVICOS LTDA,FX SERVICOS E TRANSPORTES,MATRIZ,ATIVA,4929902,3317101;4923002;4929901;7711000;8020001,SALVADOR,BA,"100000,00",01,CNAE_CARGA_TRANSPORTE
31275295000132,LINKAR RASTREAMENTO VEICULAR LTDA,RHASTREIO RASTREAMENTO VEICULAR,MATRIZ,ATIVA,8020001,,SALVADOR,BA,"45000,00",01,PALAVRA_CHAVE_GR
29636004000142,C R SERVICOS LTDA,"METROPOLE RASTREAMENTO, ENERGIA E SISTEMAS",MATRIZ,ATIVA,8020001,3313999;3321000;4292802;4321500;4322301;4329102;7112000;7490104;7739099;8599604;9601701,BELEM,PA,"50000,00",01,PALAVRA_CHAVE_GR
32195306000137,ENKI SOLUCOES TECNICAS LTDA,ENVIROSIS MONITORAMENTO AMBIENTAL,MATRIZ,ATIVA,7112000,3314710;4753900;7119701;7119702;7119703;7119704;7410299;7490101;7490199,BRASILIA,DF,"50000,00",01,PALAVRA_CHAVE_GR
32302104000228,GMTRACK RASTREAMENTO VEICULAR LTDA,,FILIAL,ATIVA,8020001,4520007;7733100;7739099,JOAO PESSOA,PB,"200000,00",01,PALAVRA_CHAVE_GR
32356023000120,ANTARES SEGURANCA E MONITORAMENTO LTDA,"ANTARES - SEGURANCA, MONITORAMENTO E EVENTOS",MATRIZ,ATIVA,8011101,8020001,SALVADOR,BA,"20000,00",01,PALAVRA_CHAVE_GR
33136280000119,VANCOUVER SERVICOS DE MONITORAMENTO ELETRONICO LTDA,CANADA SECURITY,MATRIZ,ATIVA,8020001,4321500;6209100;7739099;8020002;9512600,JOAO PESSOA,PB,"20000,00",01,PALAVRA_CHAVE_GR
32989802000162,"ULTRA VISION - INTELIGENCIA PRIVADA, MONITORAMENTO E COMERCIO LTDA",ULTRA VISION,MATRIZ,ATIVA,8020001,4321500;4923002;6010100;6110801;6130200;6201501;6209100;7711000;8011101;8030700;8111700;8591100;9511800,VITORIA,ES,"100000,00",01,PALAVRA_CHAVE_GR
34380140000154,CORRETA SERVICOS E MONITORAMENTO ELETRONICO LTDA,CORRETA SERVICOS E MONITORAMENTO,MATRIZ,ATIVA,8020001,3329599;4321500;4751201;4753900;4757100;7490199;7739099;8111700;8121400;8211300;8599699,NATAL,RN,"190000,00",01,PALAVRA_CHAVE_GR
34555039000197,EUMAR ROBERTO NOVACKI,"ERN CONSULT EMPRESARIAL, GESTAO DE RISCO E COMPLIANCE",MATRIZ,ATIVA,8211300,6612605;7020400;7490103,BRASILIA,DF,"50000,00",01,PALAVRA_CHAVE_GR
06263849000134,BRASIFORT SERVICOS DE VIGILANCIA E TRANSPORTES DE VALORES LTDA,BRASIFORT,MATRIZ,ATIVA,8011101,8012900;8020002,JOAO PESSOA,PB,"12000000,00",05,CNAE_CARGA_TRANSPORTE
34894664000163,A S PONTE,ESTETCAR - RISCOS E MOSSAS,MATRIZ,ATIVA,4520002,4520001;4520003;4520005;4520007;4520008,SALVADOR,BA,"5000,00",01,PALAVRA_CHAVE_GR
10446347000116,FORCA ALERTA SEGURANCA E TRANSPORTE DE VALORES LTDA,FORCA ALERTA,MATRIZ,ATIVA,8011101,8012900;8020001,JOAO PESSOA,PB,"1500000,00",05,CNAE_CARGA_TRANSPORTE
10446347000205,FORCA ALERTA SEGURANCA E TRANSPORTE DE VALORES LTDA,FORCA ALERTA,FILIAL,ATIVA,8011101,8012900;8020001,NATAL,RN,"1500000,00",05,CNAE_CARGA_TRANSPORTE
10446347000540,FORCA ALERTA SEGURANCA E TRANSPORTE DE VALORES LTDA,,FILIAL,ATIVA,8011101,8012900;8020001,ARACAJU,SE,"1500000,00",05,CNAE_CARGA_TRANSPORTE
08713403000602,RECHE GALDEANO & CIA LTDA,RECHE FROTAS LOCACOES ESPECIAIS,FILIAL,ATIVA,7711000,4923002;7732201;8020001,MANAUS,AM,"61000000,00",05,CNAE_CARGA_TRANSPORTE
36697441000131,STRATEGIA RASTREAMENTO DE VEICULOS LTDA,STRATEGIA LOCACAO DE VEICULOS,MATRIZ,ATIVA,7711000,3314710;4321500;4511101;4511103;4923002;6202300;8020001,MANAUS,AM,"30000,00",03,PALAVRA_CHAVE_GR
03551401000128,LOCALYNE TRANSPORTE TURISMO LTDA,LOCTUR,MATRIZ,ATIVA,4923002,4313400;4399104;4520001;4922101;4922102;4922103;4924800;4929901;4929902;4929904;4930201;4930202;5212500;5229099;7020400;7220700;7490105;7711000;7719599;7739099;7810800;7820500;7830200;7911200;8011101;8020001;8121400;8299799,ARACAJU,SE,"1200000,00",05,CNAE_CARGA_TRANSPORTE
37894892000121,TEGSAT SERVICOS DE RASTREAMENTO VEICULAR LTDA,TEGSAT SERVICOS,MATRIZ,ATIVA,8020001,3329599;4520007;4530703;8211300;8299799,BRASILIA,DF,"150000,00",01,PALAVRA_CHAVE_GR
26205804001001,DIAVANTI SOLUCOES LOGISTICAS LTDA,,FILIAL,ATIVA,4930202,4911600;4922101;4923002;4929902;4930201;4930203;4930204;4940000;5011401;5012201;5021101;5021102;5120000;5211702;5211799;5212500;5229002;5229099;5231102;5232000;5239799;5240199;5250803;5250804;5250805;5320201;5320202;7719599;7911200;7912100;8012900;8020001;8211300;8219999;8220200;8292000;8299799,VITORIA,ES,"10000000,00",01,CNAE_CARGA_TRANSPORTE
26729300000442,IBL TRANSPORTE DE VALORES S.A.,,FILIAL,ATIVA,8011101,8012900;8020001,VITORIA,ES,"9050999,00",05,CNAE_CARGA_TRANSPORTE
26729300000361,IBL TRANSPORTE DE VALORES S.A.,,FILIAL,ATIVA,8012900,8011101;8020001,MANAUS,AM,"9050999,00",05,CNAE_CARGA_TRANSPORTE
39359035000157,LUGUS SOLUCOES EM RASTREAMENTO LTDA,LUGUS RASTREAMENTO,MATRIZ,ATIVA,8020001,4520007;4751201,SAO LUIS,MA,"5000,00",01,PALAVRA_CHAVE_GR
39440584000151,CONECT CAR LTDA,CONNECT TRANSPORTES E SERVICOS,MATRIZ,ATIVA,5229002,3812200;4321500;4322301;4322302;4330402;4399103;4520001;4520002;4520005;4530703;4923001;4923002;5211702;5223100;5229001;5320201;5320202;6202300;6203100;6209100;6311900;6319400;6399200;6822600;7020400;7711000;7810800;8020001;8121400;8129000;8211300;8219901;8219999;9521500;9529102,BELEM,PA,"200000,00",01,CNAE_CARGA_TRANSPORTE
40945533000160,M N S DOS SANTOS TRAJETO RASTREADORES,TRAJETO RASTREADORES,MATRIZ,ATIVA,8020001,4520003;4520007,SAO LUIS,MA,"8000,00",01,PALAVRA_CHAVE_GR
41818203000177,COTTAR CORRETORA DE SEGUROS E BENEFICIOS LTDA,VIEIRA E MOTA GESTAO DE RISCOS E CORRETAGEM DE SEGUROS,MATRIZ,ATIVA,6622300,,SALVADOR,BA,"10000,00",01,PALAVRA_CHAVE_GR
36718061000136,"SDBUSINESS MONITORAMENTO, DESENVOLVIMENTO, LICENCIAMENTO DE PROGRAMAS LTDA",SD BUSINESS MONITORAMENTO DE NEGOCIOS,MATRIZ,ATIVA,6202300,6190699;6201501;6319400;8020001,BRASILIA,DF,"300000,00",01,PALAVRA_CHAVE_GR
42991252000170,SR MONITORAMENTO 24HRS DE VEICULOS LTDA,SR MONITORAMENTO 24HRS,MATRIZ,ATIVA,8020001,4511101;4511102;4520007;7020400;7711000;8220200,MANAUS,AM,"120000,00",01,PALAVRA_CHAVE_GR
43056976000199,RD RASTREAMENTO VEICULAR LTDA,,MATRIZ,ATIVA,8020001,4321500;4511101;4511102;4541203;4541204;7711000;7719599,MANAUS,AM,"30000,00",01,PALAVRA_CHAVE_GR
37149290000140,TRANSPORTTA SOLUCOES EM MOBILIDADE URBANA LTDA,TRANSPORTTA,MATRIZ,ATIVA,4929902,4321500;4921301;4923002;4929904;5250803;6190699;7711000;7732201;7911200;7912100;8020001,TERESINA,PI,"100000,00",01,CNAE_CARGA_TRANSPORTE
34474523000191,QUEIROZ TRANSPORTE & LOGISTICA LTDA,QUEIROZ TRANSPORTE & LOGISTICA,MATRIZ,ATIVA,8020001,4313400;4511101;4511102;4618401;4744001;4744003;4744004;4744099;4753900;4754701;4930202;4930203;5611203;6821801;6822600;7711000;7731400;7732201;7739099,TERESINA,PI,"500000,00",01,CNAE_CARGA_TRANSPORTE
41365885000100,MAIS SOLUCOES EM MONITORAMENTO LTDA,ALO RASTREAMENTO,MATRIZ,ATIVA,8020001,4520007;7739099,NATAL,RN,"40000,00",01,PALAVRA_CHAVE_GR
38371329000131,OLIVEIRA COMERCIO E SERVICOS DE MONITORAMENTO ELETRONICO LTDA,OLIVEIRA COMERCIO E SERVICOS,MATRIZ,ATIVA,8111700,2330301;2512800;2539001;2542000;3101200;3314707;3319800;3321000;4321500;4322301;4322302;4322303;4330403;4330404;4330499;4399103;4520007;4645101;4649408;4723700;4729699;4743100;4744001;4744003;4751201;4761003;4923002;4929902;7020400;7311400;7711000;7739002;7739099;8011101;8020001;8129000;8130300;8599604;8599699,MANAUS,AM,"110000,00",01,PALAVRA_CHAVE_GR
27796773000182,PSJ VIANA SERVICOS DE MONITORAMENTO LTDA,JV PRODUTOS E SERVICOS LTDA.,MATRIZ,ATIVA,8020001,8011101;8020002,SALVADOR,BA,"107000,00",01,PALAVRA_CHAVE_GR
28123968000124,LOCALIZE MONITORAMENTO LTDA,LOCALIZE MONITORAMENTO VEICULAR,MATRIZ,ATIVA,8020001,4520003;4520007;4530703,MANAUS,AM,"10000,00",01,PALAVRA_CHAVE_GR
28151691000143,HOME E OFFICE SERVICOS DE MONITORAMENTO LTDA,HOME & OFFICE SOLUCOES INTELIGENTES,MATRIZ,ATIVA,4757100,4321500;4322302;4322303;4330404;4399103;4612500;4615000;4618401;4618402;4741500;4742300;4751201;4752100;4753900;4754701;4754702;4754703;4755503;4759801;4759899;4761003;4763601;4763602;4781400;4782201;4789001;4789003;4789008;6201501;6202300;6204000;6311900;6822600;7112000;8020001;8230001;8299799,MANAUS,AM,"150000,00",01,PALAVRA_CHAVE_GR
37987006000104,KAIZEN RASTREAMENTO E SERVICOS AUTOMOTIVOS LTDA,KAIZEN RASTREAMENTO E SERVICOS,MATRIZ,ATIVA,4530703,4321500;4520001;8020001,MANAUS,AM,"500000,00",03,PALAVRA_CHAVE_GR
27924321000139,LOGUS SERVICOS DE ENGENHARIA LTDA,LOGUS MONITORAMENTO,MATRIZ,ATIVA,8020001,3313999;4120400;4211101;4211102;4213800;4221901;4221902;4221903;4221904;4221905;4222701;4222702;4223500;4291000;4292801;4292802;4299501;4299599;4311801;4311802;4312600;4313400;4319300;4321500;4322301;4322302;4322303;4329101;4329104;4330401;4330402;4330403;4330404;4330405;4330499;4391600;4399101;4399102;4399103;4399105;4399199;4614100;4651601;4651602;4652400;4673700;4674500;4679601;4679604;4679699;4744003;4744099;4751201;4751202;6204000;6209100;6311900;7020400;7112000;7810800;9511800,MANAUS,AM,"150000,00",01,PALAVRA_CHAVE_GR
34126718000140,NORDESCAR MONITORAMENTO ELETRONICO LTDA,NORDESCAR MONITORAMENTO ASSISTENCIA 24 HORAS,MATRIZ,ATIVA,8020001,5229002,SALVADOR,BA,"100000,00",01,PALAVRA_CHAVE_GR
43851248000179,FG SERVICOS DE APOIO E MONITORAMENTO ELETRONICO LTDA,FG SERVICE SOLUCOES EMPRESARIAIS,MATRIZ,ATIVA,8111700,4321500;4329104;4399103;4742300;4744003;4751201;4751202;4752100;4753900;4761003;4789005;4789007;4789008;5320202;5611203;5620101;5620102;5620103;8020001;8121400;8129000;8130300;8219999;8299799;9700500,MANAUS,AM,"500000,00",03,PALAVRA_CHAVE_GR
04589507000183,TECCNO SOLUCOES EM LOGISTICA E GESTAO LTDA,TECCNO TELECOM,MATRIZ,ATIVA,4930202,4321500;4530703;4923002;5211799;5229002;5320201;6209100;6399200;7319002;7490104;7711000;8020001;8020002;8211300;8230001;8291100,SAO LUIS,MA,"200000,00",01,CNAE_CARGA_TRANSPORTE
44084377000141,LUIZ GABRIEL SILVA CARVALHO,GS RASTREAMENTO,MATRIZ,ATIVA,7739099,4530703;8219999,TERESINA,PI,"10000,00",01,PALAVRA_CHAVE_GR
44587197000182,ZARABATANA GESTAO DE RISCOS LTDA,ZARABATANA GESTAO DE RISCOS,MATRIZ,ATIVA,6622300,7020400;7311400;7490104;8211300,BRASILIA,DF,"30000,00",01,PALAVRA_CHAVE_GR
46380240000160,E G SOLUCAO VEICULAR LTDA,E. G. SOLUCAO VEICULAR,MATRIZ,ATIVA,7711000,5911199;6512000;8020001;8230001;9001902;9493600,MANAUS,AM,"100000,00",01,CNAE_CARGA_TRANSPORTE
47225346000151,ALBAFORT SERVICOS ATIVIDADES DE MONITORAMENTO DE SISTEMAS DE SEGURANCA ELETRONICO LTDA,ALBAFORT,MATRIZ,ATIVA,8020001,5320201;8111700;9609299,SALVADOR,BA,"3000,00",01,PALAVRA_CHAVE_GR
47256486000197,TRACKER1 RASTREAMENTO LTDA,TRACKER1 RASTREAMENTO,MATRIZ,ATIVA,4520007,7719599;8020001;8220200;8230001,BRASILIA,DF,"20000,00",03,PALAVRA_CHAVE_GR
21686950000191,LCX RASTREAMENTO E TELEMETRIA LTDA,LCX RASTREAMENTO E TELEMETRIA,MATRIZ,ATIVA,8020001,4321500;4520003;4530701;4530703;5229002;8020002,SAO LUIS,MA,"60000,00",01,PALAVRA_CHAVE_GR
21686950000272,LCX RASTREAMENTO E TELEMETRIA LTDA,LCX RASTREAMENTO E TELEMETRIA,FILIAL,ATIVA,8020001,4321500;4520003;4530701;4530703;8020002,SAO LUIS,MA,"60000,00",01,PALAVRA_CHAVE_GR
48419545000163,D G S MONITORAMENTO LTDA,DGS MONITORA,MATRIZ,ATIVA,8020001,3314710;4321500;4520007;4619200;6190699;7490104;7739099;8020002;9511800;9512600,BELEM,PA,"50000,00",01,PALAVRA_CHAVE_GR
48759753000101,S R S MONTEIRO MONITORAMENTO E RASTREAMENTO LTDA,SOS MONITORAMENTO E RASTREAMENTO,MATRIZ,ATIVA,8020001,,TERESINA,PI,"100000,00",03,PALAVRA_CHAVE_GR
48966608000100,G3 SOLUCOES INTELIGENTES EM MONITORAMENTO E SUPORTE OPERACIONAL LTDA,G3 SOLUCOES INTELIGENTES,MATRIZ,ATIVA,8020001,7739099;8020002;8111700;8121400;8219999;8299799,SALVADOR,BA,"150000,00",01,PALAVRA_CHAVE_GR
50454080000123,GT MONITORAMENTO DE VEICULOS LTDA,GT MONITORAMENTO DE VEICULOS,MATRIZ,ATIVA,8020001,4511101;4511102;4530703;4530704;4530705;4541203;4541204;4541206;4753900,BRASILIA,DF,"50000,00",01,PALAVRA_CHAVE_GR
51490796000149,TATICA SEGURANCA ELETRONICA LTDA,TATICA SEGURANCA ELETRONICA E MONITORAMENTO 24HRS,MATRIZ,ATIVA,4321500,4742300;4757100;8020001;8020002;9602501,TERESINA,PI,"70000,00",01,PALAVRA_CHAVE_GR
53069045000189,53.069.045 IGOR MARQUES BARBOSA,PITBULL RASTREAMENTO VEICULAR-01,MATRIZ,ATIVA,4321500,,MANAUS,AM,"30000,00",01,PALAVRA_CHAVE_GR
55573184000170,CBX RASTREAMENTO LTDA,CBX RASTREAMENTO,MATRIZ,ATIVA,4520007,6190699;7490199;8020001;8020002;9529102,JOAO PESSOA,PB,"100000,00",01,PALAVRA_CHAVE_GR
55742284000183,FORTE MONITORAMENTO ELETRONICO LTDA,FORTRESS PROTECTION,MATRIZ,ATIVA,8020001,4311802;5320201;7810800;8111700;8121400;8129000;8211300,MANAUS,AM,"100000,00",03,PALAVRA_CHAVE_GR
56876168000110,PRORRAC SOLUCOES EM RASTREAMENTO LTDA,PRORRAC RASTREAMENTO,MATRIZ,ATIVA,8020001,4520007;6209100,ARACAJU,SE,"100000,00",01,PALAVRA_CHAVE_GR
56937245000102,EXPAND MONITORAMENTO E EMPREENDIMENTOS LTDA,EXPAND MONITORAMENTO E EMPREENDIMENTOS,MATRIZ,ATIVA,8020001,3250706;4321500;4619200;4645101;4752100;4773300;4923002;7711000;7739002;7739099;8111700;8121400;8130300;8299799;8599604;8630501;8630502;8630503;8630504;8630506;8640201;8640202;8640204;8640205;8640206;8640207;8660700;8711501;9512600;9609299,SAO LUIS,MA,"100000,00",01,PALAVRA_CHAVE_GR
57659200000178,ARP MONITORAMENTOS LTDA,ARP MONITORAMENTOS,MATRIZ,ATIVA,7420002,8020001,SALVADOR,BA,"70000,00",01,PALAVRA_CHAVE_GR
57700888000192,ERVS CORRETORA DE SEGUROS E PREVIDENCIA LTDA,J V CONSULTORIA DE INVESTIMENTOS E RISCOS,MATRIZ,ATIVA,6622300,,BELEM,PA,"1000,00",01,PALAVRA_CHAVE_GR
59559078000193,MAYCON RASTREADORES LTDA,MAYCON RASTREADORES,MATRIZ,ATIVA,8020001,,TERESINA,PI,"30000,00",01,PALAVRA_CHAVE_GR
60346333000107,L. FELIPE PONTES MOREIRA,PROTETOR RASTREADORES,MATRIZ,ATIVA,8020001,4321500;7711000;7739099;8211300;8219999,MANAUS,AM,"20000,00",01,PALAVRA_CHAVE_GR
24951888000106,V V REBOQUE DE VEICULOS LTDA,VELOX FROTAS,MATRIZ,ATIVA,5229002,3313999;3812200;4321500;4322301;4322302;4330402;4399103;4520001;4520002;4520005;4530703;4669999;4742300;4923001;4923002;5223100;5229001;5320202;7711000;8020001;8121400;8129000;9521500;9529102,BELEM,PA,"170000,00",01,CNAE_CARGA_TRANSPORTE
61102055000105,CONTE RASTREAMENTO VEICULAR LTDA,CONTE RASTREAMENTO,MATRIZ,ATIVA,8020001,4520007;5229002;5229099;8020002,SAO LUIS,MA,"50000,00",03,PALAVRA_CHAVE_GR
61594205000137,DENNER J DA S MACEDO RASTREAMENTO VEICULAR,KARJEF,MATRIZ,ATIVA,8020001,,BELEM,PA,"200000,00",01,PALAVRA_CHAVE_GR
61701642000102,TRACK BAHIA RASTREAMENTO VEICULAR LTDA,TRACK BAHIA,MATRIZ,ATIVA,8020001,,SALVADOR,BA,"10000,00",01,PALAVRA_CHAVE_GR
47878704000125,SIGGA RASTREAMENTO LTDA,,MATRIZ,ATIVA,4520007,8020001,JOAO PESSOA,PB,"5000,00",01,PALAVRA_CHAVE_GR
49109484000109,JSC ENGENHARIA DE SEGURANCA DO TRABALHO LTDA,JSC ENGENHARIA E GESTAO DE RISCOS,MATRIZ,ATIVA,7119704,8599604,SALVADOR,BA,"100000,00",01,PALAVRA_CHAVE_GR
62527881000150,GLOBALSEG RASTREAMENTO LTDA,GLOBALSEG RASTREAMENTO,MATRIZ,ATIVA,6190699,4321500;8020001,TERESINA,PI,"10000,00",01,PALAVRA_CHAVE_GR
63356536000164,SHARK TRANSPORTES E RASTREAMENTO LTDA,,MATRIZ,ATIVA,4929901,4929902;5320202;8020001,MANAUS,AM,"20000,00",01,PALAVRA_CHAVE_GR
66311158000190,SX RASTREAMENTO E PROTECAO VEICULAR LTDA,SX RASTREAMENTO E PROTECAO VEICULAR,MATRIZ,ATIVA,8020001,4321500;4520007;4530703;4541206;4541207;4751201;5229099;6204000;6209100;7490104;7739099,JOAO PESSOA,PB,"100000,00",03,PALAVRA_CHAVE_GR
67545543000165,LOCATOP SERVICOS DE LOCACAO DE VEICULOS E FROTAS LTDA,LOCATOP GESTAO E LOCACAO DE FROTAS,MATRIZ,ATIVA,7719599,4321500;4511101;4511102;4520001;4520003;4520007;4530703;4530704;4541203;4541204;4541206;4752100;4930201;4930202;5022001;5022002;5030101;5229002;6201501;6204000;6319400;7112000;7739099;8020001;9511800;9512600,MANAUS,AM,"200000,00",01,CNAE_CARGA_TRANSPORTE
67847647000124,GRIFO RASTREAMENTO E RECUPERACAO VEICULAR LTDA,GF RASTREAMENTO,MATRIZ,ATIVA,8020001,8020002,SALVADOR,BA,"10000,00",01,PALAVRA_CHAVE_GR
63986809000154,SAIK CORRETORA DE SEGUROS LTDA,ERSF PROTECAO FINANCEIRA E GESTAO DE RISCOS,MATRIZ,ATIVA,6622300,7020400;8211300,BRASILIA,DF,"10000,00",01,PALAVRA_CHAVE_GR
08787673000145,PRESERVE/PB - SEGURANCA E TRANSPORTE DE VALORES LTDA,,MATRIZ,ATIVA,8012900,5211799;8011101;8020001;8219999,JOAO PESSOA,PB,"880000,00",05,CNAE_CARGA_TRANSPORTE
03123691000109,TRIEDRO GERENCIADORA E ADMINISTRADORA DE PROJETOS E CONSTRUCOES LTDA,TRIEDRO GERENCIADORA DE PROJETOS E CONSTRUCOES,MATRIZ,ATIVA,4399101,4120400;4299599;6810201;6810202;7112000,SAO LUIS,MA,"1500000,00",03,PALAVRA_CHAVE_GR
31546484000100,CONFEDERAL VIGILANCIA E TRANSPORTE DE VALORES LTDA,CONFEDERAL,MATRIZ,ATIVA,8011101,8012900;8020001;8299799,BRASILIA,DF,"27742000,00",05,CNAE_CARGA_TRANSPORTE
07466424000195,HERVOU'S RASTREADORES LTDA,HERVOU'S RASTREADORES,MATRIZ,ATIVA,4520007,8020001,BRASILIA,DF,"80000,00",01,PALAVRA_CHAVE_GR
03423219000191,STAR TRANSPORTES E LOCACOES LTDA,STAR TRANSPORTES,MATRIZ,ATIVA,4924800,3600602;4213800;4313400;4321500;4322302;4330404;4921301;4923002;4929901;4929902;5229002;6810201;6810202;6821801;6821802;7711000;7719599;7731400;7810800;7820500;8020001;8122200;8211300;8640202;8660700,NATAL,RN,"400000,00",01,CNAE_CARGA_TRANSPORTE
08924539000149,SARTRACKER MONITORAMENTOS LTDA,SARTRACKER RASTREADORES INTELIGENTES,MATRIZ,ATIVA,8020001,3314711;3314712;4520001;4520007;4530701;4530703;4930202;5229002;7711000,TERESINA,PI,"450000,00",01,PALAVRA_CHAVE_GR
09191873000101,RC MONITORAMENTO DE ALARMES LTDA,RC MONITORAMENTO E SERVICOS,MATRIZ,ATIVA,8020001,4321500;8121400;8130300;8230001,BRASILIA,DF,"50000,00",01,PALAVRA_CHAVE_GR
08349430000125,MASTER SERVICOS DE MONITORAMENTO LIMPEZA E CONSERVACAO LTDA,MASTER SERVICOS,MATRIZ,ATIVA,8020001,4751201;4752100;7739099;8121400;9512600,BELEM,PA,"95400,00",03,PALAVRA_CHAVE_GR
09265285000248,JACKSON FELISBERTO DA CONCEICAO MONITORAMENTO,JVS MONITORAMENTO,FILIAL,ATIVA,4757100,8020001;8129000,SALVADOR,BA,"10000,00",01,PALAVRA_CHAVE_GR
14669235000185,STRATEGIA RASTREAMENTO SOFTWARE E TELEMETRIA LTDA,STRATEGIA RASTREAMENTO DE VEICULOS,MATRIZ,ATIVA,8020001,4511101;4511102;4541203;4541204;4752100;6190699;6619302;7020400;7490199;8599604,MANAUS,AM,"30000,00",01,PALAVRA_CHAVE_GR
17251846000105,PROTTAM SERVICOS DE VIGILANCIA E RASTREAMENTO LTDA,PROTTAM SEGURANCA,MATRIZ,ATIVA,8111700,1811301;1811302;1812100;1813001;1813099;1821100;1822901;1822999;2222600;4299599;4321500;4322301;4322302;4322303;4399101;4530701;4530703;4541206;4639701;4712100;4721103;4724500;4729699;4742300;4744003;4755502;4761003;4763602;4772500;4781400;4789099;8020001;8230001,MANAUS,AM,"1200000,00",01,PALAVRA_CHAVE_GR
18072156000143,J P M TECNOLOGIA E SERVICOS DE MONITORAMENTO LTDA,J P M TECNOLOGIA E SERVICOS,MATRIZ,ATIVA,8020001,3321000;3329599;4321500;4530703;4631100;4639701;4646002;4649401;4649408;4651601;4651602;4652400;4721103;4721104;4729699;4741500;4744001;4744003;4744005;4744099;4751201;4751202;4752100;4753900;4755503;4759899;4761003;4771701;4772500;4789007;7711000;7739099;8020002,NATAL,RN,"99800,00",01,PALAVRA_CHAVE_GR
20711888000188,AMIGGO SERVICOS DE MONITORAMENTO E CORRETAGEM DE SEGUROS LTDA,AMIGGO,MATRIZ,ATIVA,1822999,4751201;6622300;8020001;8599604;8599699,BRASILIA,DF,"78800,00",03,PALAVRA_CHAVE_GR
21872838000145,CARLOS ALEXANDRE DA COSTA GOMES,BLACK RASTREAMENTO E SEGURANCA ELETRONICA,MATRIZ,ATIVA,8020001,4321500,MANAUS,AM,"5000,00",03,PALAVRA_CHAVE_GR
23396189000189,GLOBAL NORTE RASTREAMENTO E MONITORAMENTO LTDA,,MATRIZ,ATIVA,8020001,,BELEM,PA,"20000,00",01,PALAVRA_CHAVE_GR
25071474000155,"INNOVAR SERVICOS DE MONITORAMENTO, PORTARIA, SEGURANCA ELETRONICA E PROVEDORES DE INTERNET LTDA",INNOVAR SOLUCOES EMPRESARIAIS,MATRIZ,ATIVA,8020001,3313901;4221904;4292801;4321500;4322302;4322303;4330404;4330499;4399103;4742300;4752100;4753900;6190699;6209100;6319400;8111700;8121400;8130300;9529199,MANAUS,AM,"100000,00",01,PALAVRA_CHAVE_GR
10545437000164,PROTEC MONITORAMENTO E AUTOMACAO LTDA,PROTEC MONITORAMENTO E AUTOMACAO LTDA,MATRIZ,ATIVA,4751201,4651601;4673700;4679699;4744099;6209100;8020001,FEIRA DE SANTANA,BA,"150000,00",01,PALAVRA_CHAVE_GR
18088454000121,J S MATOS TRANSPORTES & IMM3DIATE RASTREAMENTO VEICULAR,IMM3DIATE RASTREAMENTO VEICULAR,MATRIZ,ATIVA,8020001,4930201;4930202;4930204,SAO LUIS,MA,"80000,00",01,PALAVRA_CHAVE_GR
12632125000113,MARCUS TRANSPORTES E CARGAS LTDA,MARCUS TRANSPORTES E CARGAS,MATRIZ,ATIVA,4930201,2511000;2512800;2542000;2599301;2599302;3101200;3102100;3313901;3313999;3314706;3314707;3321000;3329501;4120400;4211101;4213800;4221903;4222701;4292801;4321500;4322301;4322302;4330403;4330404;4330405;4330499;4391600;4399103;4399199;4520001;4520002;4520003;4520004;4520005;4520006;4520007;4520008;4530701;4530702;4530703;4530704;4530705;4530706;4741500;4742300;4743100;4744001;4744002;4744003;4744004;4744005;4744006;4744099;4751201;4752100;4753900;4754701;4754703;4757100;4759801;4759899;4789004;4789005;4930202;4930204;6822600;7112000;8020002;8121400;9529102,BRASILIA,DF,"100000,00",01,CNAE_CARGA_TRANSPORTE
25129413000100,BRUNO LEONARDO RODRIGUES DOS SANTOS  LTDA,BRUNO RASTREAMENTO,MATRIZ,ATIVA,4520007,4321500;4520001;4520005,TERESINA,PI,"200000,00",01,PALAVRA_CHAVE_GR
22908848000156,GESTAO VEICULAR E SERVICOS GERAIS DE ARACAJU LTDA,LOG FROTAS,MATRIZ,ATIVA,8020001,4751201;4752100;5229002;6204000;6209100;9511800;9512600,ARACAJU,SE,"380000,00",03,CNAE_CARGA_TRANSPORTE
23431426000103,AGROMOTOA TRANSPORTES LTDA,AGROMOTOA,MATRIZ,ATIVA,4930203,4930202;5211701;5212500;5229099;5250804;5250805;7711000;7719599;8020001;8219999,SAO LUIS,MA,"1500000,00",03,CNAE_CARGA_TRANSPORTE
26657086000113,TOPSAT MONITORAMENTO DE VEICULOS E CARGAS LTDA,TOPSAT RASTREAMENTO VEICULAR,MATRIZ,ATIVA,4520007,5229002;6190699;6202300;6209100;7739099;8020001;8211300,JOAO PESSOA,PB,"100000,00",01,PALAVRA_CHAVE_GR
28280581000181,SAMIRA SOARES BISPO,50 RASTREAMENTO,MATRIZ,ATIVA,8020001,4520001;4520007;4530703;4530704;9602501;9602502,MANAUS,AM,"100000,00",01,PALAVRA_CHAVE_GR
28638840000101,TRACKSAT TELEMETRIA E RASTREAMENTO LTDA,GRUPO TRACKSAT TELEMETRIA E RASTREAMENTO VIA SATELITE,MATRIZ,ATIVA,4520007,4752100;7739099;8020001,JOAO PESSOA,PB,"200000,00",03,PALAVRA_CHAVE_GR
31398947000126,DCAR MONITORAMENTO DE SISTEMAS DE SEGURANCA ELETRONICA LTDA,BORGES MONITORAMENTO DE SISTEMA DE S ELETRONICA,MATRIZ,ATIVA,8291100,8020001,SALVADOR,BA,"104500,00",01,PALAVRA_CHAVE_GR
33880655000150,FRONTAL MONITORAMENTO DE SISTEMAS E GUINCHOS LTDA,FRONTAL RASTREAMENTO E GUINCHOS,MATRIZ,ATIVA,6190699,3312102;4541206;4543900;5229002;8020001;8020002,FEIRA DE SANTANA,BA,"75000,00",01,PALAVRA_CHAVE_GR
34214216000171,C B DA COSTA,TURBO RASTREADORES,MATRIZ,ATIVA,8020001,4292801;4321500;4322301;4322302;4329103;4329105;4330401;4330402;4330403;4330404;4330405;4399101;4399102;4399103;4399105;4744002;5229002;6209100;7733100;8121400;8130300;9001906;9511800;9512600;9521500,MANAUS,AM,"50000,00",01,PALAVRA_CHAVE_GR
35329062000126,R M I LOYOLA  LTDA,SNIPER RASTREAMENTOS VEICULAR,MATRIZ,ATIVA,8020001,4520007;5229002,TERESINA,PI,"50000,00",01,PALAVRA_CHAVE_GR
35871196000174,CONSORCIO ENCOSTAS ALTO RISCO,CONSORCIO ENCOSTAS ALTO RISCO,MATRIZ,ATIVA,4299599,7112000,SALVADOR,BA,"0,00",05,PALAVRA_CHAVE_GR
28069252000439,TAMPEC SOLUCOES EM TECNOLOGIA E LOGISTICA LTDA,GREEN MINING,FILIAL,ATIVA,6209100,3811400;4751201;4930201;4930202;5229099;5250803;6201501;6202300;6203100;6204000;7020400;7119799;7319099;7739099;8020001;8291100;8299799;9511800,BRASILIA,DF,"675000,00",03,CNAE_CARGA_TRANSPORTE
28069252001087,TAMPEC SOLUCOES EM TECNOLOGIA E LOGISTICA LTDA,TAMPEC SOLUCOES EM TECNOLOGIA E LOGISTICA LTDA,FILIAL,ATIVA,3811400,4687701;4687702;4687703;4751201;5811500;5911199;6201501;6202300;6203100;6204000;6209100;7020400;7119799;7490104;7739099;8020001;8291100;8592999;9001902;9101500;9102301;9511800,BELEM,PA,"675000,00",03,CNAE_CARGA_TRANSPORTE
36528243000144,GMO SOLUCOES - MONITORAMENTO E SEGURANCA LTDA,,MATRIZ,ATIVA,8020001,6621501;7739099,VITORIA,ES,"5000,00",01,PALAVRA_CHAVE_GR
36889113000137,IPROTECH SERVICOS DE MONITORAMENTO SEGURANCA E MANUTENCAO LTDA,IPROTECH,MATRIZ,ATIVA,8020001,9511800,BRASILIA,DF,"104500,00",01,PALAVRA_CHAVE_GR
36937774000190,SS TRANSPORTES EXPRESS E DESPACHOS ADMINISTRATIVOS LTDA,GRUPO SS EXPRESS,MATRIZ,ATIVA,4930201,4213800;4322302;4399103;4511101;4923002;4930202;5212500;7711000;7739003;8011101;8020001;8111700;8121400;8129000;8211300;8219999;8299799;9001906,MANAUS,AM,"150000,00",01,CNAE_CARGA_TRANSPORTE
28138264000125,MANCHESTER CONSULTORIA E TREINAMENTO LTDA,GRUPO CAPIXABA DE CLASSIFICACAO DE RISCO,MATRIZ,ATIVA,8599699,4618401;4618402;4619200;7490199;8211300;8299799;8550302;8599604,VITORIA,ES,"60000,00",01,PALAVRA_CHAVE_GR
37285900000132,SYSTEMASTER MANUTENCAO E ISNTALACAO DE EQUIPAMENTOS DE MONITORAMENTO LTDA,SYSTEMASTER,MATRIZ,ATIVA,3321000,3313999;4742300;4752100;8020002,SALVADOR,BA,"20000,00",01,PALAVRA_CHAVE_GR
41127427000132,CJV TRANSPORTE E LOCACAO LTDA,,MATRIZ,ATIVA,4930202,4930201;5212500;7711000;7732201;7739001;8020001,TERESINA,PI,"200000,00",03,CNAE_CARGA_TRANSPORTE
39687110000109,SRS MONTEIRO LTDA,SOS MONITORAMENTO E RASTREAMENTO,MATRIZ,ATIVA,8020001,,JOAO PESSOA,PB,"104500,00",03,PALAVRA_CHAVE_GR
22988654000108,FORTHE SEGURANCA E MONITORAMENTO ELETRONICO LTDA,FORTHE SEGURANCA E MONITORAMENTO ELETRONICO,MATRIZ,ATIVA,8020001,4520007;4530703;4751201;4753900;4759899;5223100;6209100;8111700;8121400;9511800;9512600,TERESINA,PI,"1200000,00",01,PALAVRA_CHAVE_GR
37369233000176,JHT MONITORAMENTO LTDA,JHT RASTREAMENTO,MATRIZ,ATIVA,4520007,4321500;4530703;7319002;8011101;8020001;8020002,MANAUS,AM,"150000,00",03,PALAVRA_CHAVE_GR
42441783000199,ON FACILITIES PIAUI -SOLUCOES E SERVICOS EMPRESARIAIS LTDA,ON TRACK RASTREAMENTO,MATRIZ,ATIVA,8020001,4213800;4311802;4321500;4322303;4330404;4399102;4399103;4399199;4520005;4520007;4530703;4732600;5223100;5229002;6110803;6201501;6202300;6209100;6311900;6319400;6619302;6619399;7711000;8011101;8111700;8121400;8122200;8129000;8130300;8211300;8219999;8230001;8291100;9319101;9511800;9512600;9601701;9609299,TERESINA,PI,"30000,00",03,PALAVRA_CHAVE_GR
43062631000148,SKOTRACK RASTREAMENTO LTDA,SKOTRACK RASTREAMENTO,MATRIZ,ATIVA,8020001,6190601;6190699;6319400;7319099;8020002,ARACAJU,SE,"5000,00",01,PALAVRA_CHAVE_GR
31326947000110,SONDDAR MONITORAMENTO E RASTREAMENTO LTDA,SONDDAR MONITORAMENTO,MATRIZ,ATIVA,8020001,3321000;4321500;4322303;4329199;4330401;4330402;4330404;4330405;4399103;4399199;4520001;4530703;4613300;4614100;4923001;5229002;6202300;6204000;6209100;7020400;7112000;7119703;7739099;8599603;8599604;9511800;9512600,BRASILIA,DF,"80000,00",01,PALAVRA_CHAVE_GR
40200148000194,EXPERTISE FROTA INTELIGENTE LTDA,EXPERTISE FROTA INTELIGENTE,MATRIZ,ATIVA,8020001,3321000;3329599;4321500;4520001;4520003;4520005;4520006;4520007;4530703;4530704;8020002,TERESINA,PI,"50000,00",01,CNAE_CARGA_TRANSPORTE
43393579000102,ALLPROSEG PRESTACAO DE SERVICOS DE MONITORAMENTO E TERCEIRIZADOS LTDA,ALLPROSEG SEGURANCA ELETRONICA,MATRIZ,ATIVA,8020001,4321500;6822600;8020002;8111700;8121400;9512600,JOAO PESSOA,PB,"30000,00",01,PALAVRA_CHAVE_GR
27884916000108,SEARCH MONITORAMENTO INTELIGENTE LTDA,SEARCH MONITORAMENTO INTELIGENTE,MATRIZ,ATIVA,8211300,4930201;4930202;4930204;5212500,BRASILIA,DF,"150000,00",01,PALAVRA_CHAVE_GR
42026859000110,SAT CAR LTDA,SAT CAR SEGURANCA VEICULAR,MATRIZ,ATIVA,4520002,4511102;4520001;4520003;4520004;4520005;4520007;4530703;4530705;4741500;5229002;7711000;8020001,BRASILIA,DF,"150000,00",03,CNAE_CARGA_TRANSPORTE
35661563000105,ROTA SIM RASTREADORES LTDA,ROTA SIM RASTREADORES,MATRIZ,ATIVA,4752100,3329599;4520007,SALVADOR,BA,"5000,00",01,PALAVRA_CHAVE_GR
33467787000155,J R SILVA SERVICOS DE MONITORAMENTO E SEGURANCA ELETRONICO,JR - PRESTADORA DE SERVICOS,MATRIZ,ATIVA,8020001,8020002;8111700;8121400,JOAO PESSOA,PB,"80000,00",01,PALAVRA_CHAVE_GR
34277401000105,A V MARINHO TRANSPORTES LTDA,A V MARINHO TRANSPORTES,MATRIZ,ATIVA,8211300,0810006;0891600;2399199;2539002;3011301;3011302;3012100;3314710;3314713;3314717;3314799;3317101;3811400;4120400;4211101;4213800;4291000;4292801;4311801;4311802;4319300;4330499;4399103;4399199;4923002;4930201;4930203;5011401;5012201;5012202;5030101;5030102;5091202;5229002;5231101;5231102;6201501;6202300;6203100;7732201;8020001;9329899,MANAUS,AM,"1000000,00",03,CNAE_CARGA_TRANSPORTE
44555872000191,VW VIGILANCIA PATRIMONIAL E MONITORAMENTO LTDA,VW SERVICOS & SOLUCOES,MATRIZ,ATIVA,8111700,8020001;8121400;8129000;8599604,SALVADOR,BA,"50000,00",01,PALAVRA_CHAVE_GR
45891618000127,MIKE RASTREAMENTO LTDA,MIKE RASTREAMENTO,MATRIZ,ATIVA,8020001,4321500,MANAUS,AM,"120000,00",01,PALAVRA_CHAVE_GR
45277434000171,LOCAR PRESTADORA DE SERVICOS LTDA,LOCAR RASTREAMENTO,MATRIZ,ATIVA,8299799,4321500;4520007;7711000;7719599;7739099;8020001,NATAL,RN,"50000,00",01,PALAVRA_CHAVE_GR
46564393000167,TOKSEG SERVICOS DE PORTARIA INTELIGENTE E MONITORAMENTO LTDA,TOKSEG PORTARIA INTELIGENTE,MATRIZ,ATIVA,8020001,3314706;4321500;4322303;7739099;8011101;8020002;9512600,ARACAJU,SE,"30000,00",01,PALAVRA_CHAVE_GR
35153345000160,CONTRA RISCO SOLUCOES TECNOLOGICAS LTDA,CONTRA RISCO SOLUCOES TECNOLOGICAS,MATRIZ,ATIVA,4221904,4321500;4751201;4752100;4753900;6190602;6311900;6319400;7112000;7733100;7739099;8020001;8030700;8599604;8599699,TERESINA,PI,"350000,00",01,PALAVRA_CHAVE_GR
49863842000166,"EB TRANSPORTES, VEICULOS MULTIMARCAS LTDA",EB TRANSPORTES,MATRIZ,ATIVA,4921301,4329104;4511102;4512901;4520001;4530703;4530704;4751201;4789099;4922103;4923001;4923002;4924800;4929903;4930201;4930202;5223100;5229002;5229099;5240199;5250804;5310502;5320201;6190699;6203100;6204000;6209100;6613400;7112000;7312200;7711000;7719599;7911200;8020001;8121400;8219999;8230001;8299702;8299799;9700500,BRASILIA,DF,"550000,00",03,CNAE_CARGA_TRANSPORTE
51971518000103,ALARM SYSTEM MONITORAMENTO E DISTRIBUICAO DE EQUIPAMENTOS ELETRONICOS LTDA,,MATRIZ,ATIVA,8020001,4321500;7739099,VITORIA,ES,"10000,00",01,PALAVRA_CHAVE_GR
52366339000100,SALES CORRETORA DE SEGUROS E GERENCIAMENTO DE RISCOS LTDA,ALINE SALES GERENCIAMENTO DE RISCOS,MATRIZ,ATIVA,6622300,,BRASILIA,DF,"10000,00",01,PALAVRA_CHAVE_GR
45343562000338,DETECTRACK RASTREAMENTO E MONITORAMENTO VEICULAR LTDA,DETECTRACK,FILIAL,ATIVA,8020001,8020002,SAO LUIS,MA,"20000,00",01,PALAVRA_CHAVE_GR
52919406000176,GOMES RASTREAMENTO LTDA,GOMES RASTREAMENTO,MATRIZ,ATIVA,8020001,4530703;4541206;8020002,TERESINA,PI,"20000,00",01,PALAVRA_CHAVE_GR
53261584000115,PROTEGO GESTAO DE RISCOS E CORRETAGEM DE SEGUROS LTDA,PROTEGO GESTAO DE RISCOS,MATRIZ,ATIVA,6622300,,SALVADOR,BA,"10000,00",01,PALAVRA_CHAVE_GR
07866382000180,L P TRANSPORTES CARGA E DESCARGA LTDA,L P TRANSPORTES,MATRIZ,ATIVA,5212500,3011301;3011302;3012100;3317101;4213800;4311801;4311802;4313400;4321500;4322301;4322302;4330499;4391600;4399102;4399103;4530701;4530702;4530703;4530704;4530705;4541206;4679603;4712100;4721103;4722901;4743100;4744001;4744099;4751201;4754701;4755503;4761003;4772500;4781400;4782202;4923002;4924800;4929901;4929902;4930201;4930202;4930204;5021101;5022001;5030101;5030102;5091202;5099801;5250803;5250805;5320202;6110802;6110803;6209100;7711000;8020001,MANAUS,AM,"1000000,00",03,CNAE_CARGA_TRANSPORTE
57344676000110,AM TATTOO E BARBER SHOP LTDA,METE RISCO STUDIO TATTOO,MATRIZ,ATIVA,9609206,5611204;9602501,SALVADOR,BA,"20000,00",01,PALAVRA_CHAVE_GR
47522387000100,AJTECH MONITORAMENTO DE SISTEMAS LTDA,AJTECH SOLUCOES,MATRIZ,ATIVA,8020001,1340501;1340599;1413401;1813001;1813099;1822901;1822999;3299004;3311200;3312102;3312103;3313901;3313902;3314702;3314704;3314706;3314707;3314710;3319800;3329501;3329599;3702900;4221903;4221904;4221905;4321500;4322301;4322302;4322303;4330401;4330402;4330404;4330405;4330499;4520001;4641903;4644301;4645101;4646002;4647801;4649404;4649408;4649499;4651602;4652400;4663000;4665600;4669901;4669999;4671100;4672900;4673700;4679699;4681805;4686902;4691500;4732600;4741500;4742300;4743100;4744001;4744002;4744003;4744004;4744005;4744099;4751201;4751202;4753900;4754701;4754702;4754703;4759801;4761003;4771701;4771703;4773300;4781400;4789099;6204000;6209100;7020400;7490199;8121400;8211300;9001906;9511800;9512600;9521500;9601702,MANAUS,AM,"40000,00",03,PALAVRA_CHAVE_GR
58434222000100,"GRCIBER SOLUCOES EM GOVERNANCA, GESTAO DE RISCOS E COMPLIANCE PARA CIBERSEGURANCA LTDA",GRCIBER SOLUCOES,MATRIZ,ATIVA,6204000,6201501;6202300;6203100;6209100;7020400;7490104;7490199;8020001;8211300;8599604,BRASILIA,DF,"5000,00",01,PALAVRA_CHAVE_GR
58728101000163,A R ALVES CAMPOS,LUCK LOCK RASTREAMENTOS,MATRIZ,ATIVA,8020001,6209100;9511800,MANAUS,AM,"100000,00",01,PALAVRA_CHAVE_GR
60350201000140,BALDOINO CORRETORA DE SEGUROS LTDA,BALDOINO GESTAO DE RISCOS,MATRIZ,ATIVA,6622300,6619302;7319002;7319003;7490104;7740300;8211300;8299799;8599604,MANAUS,AM,"60000,00",03,PALAVRA_CHAVE_GR
61507862000108,LHS MONITORAMENTO E CONSULTORIA LTDA,LHS MONITORAMENTO E CONSULTORIA,MATRIZ,ATIVA,7020400,7490199,BRASILIA,DF,"1000,00",01,PALAVRA_CHAVE_GR
51499779000172,ALFA TATICA MONITORAMENTO E SEGURANCA PATRIMONIAL LTDA,ALFA TATICA,MATRIZ,ATIVA,8011101,4763602;4763604;4789009;8020001;8591100;8599604;8599699;9312300,MANAUS,AM,"400000,00",03,PALAVRA_CHAVE_GR
54153806000149,AUTO POSITION RASTREAMENTO LTDA,AUTO POSITION RASTREAMENTO,MATRIZ,ATIVA,8020001,,JOAO PESSOA,PB,"100000,00",01,PALAVRA_CHAVE_GR
54045593000131,SARGENTO RASTREAMENTO E LOCACAO VEICULAR LTDA,SARGENTO RASTREAMENTO E LOCACAO VEICULAR,MATRIZ,ATIVA,8011101,4752100;8020001,MANAUS,AM,"200000,00",01,PALAVRA_CHAVE_GR
51212014000100,51.212.014 GLALTER HENRIQUE DE SOUZA VIEIRA,QAP RASTREAMENTO VEICULAR,MATRIZ,ATIVA,8020001,3321000;4321500;4520007;4530705;5320202,MANAUS,AM,"80000,00",01,PALAVRA_CHAVE_GR
62024058000122,E. DA SILVA MONITORAMENTO LTDA,FORTIS DEFENSE,MATRIZ,ATIVA,8020001,4321500;4520007;4759899;7739099,BELEM,PA,"150000,00",01,PALAVRA_CHAVE_GR
84084383000202,F C TRANSPORTE E TURISMO LTDA,F. C. TRANSPORTES,FILIAL,ATIVA,4922102,0119908;0133408;0133409;0155501;0155505;0321302;0322101;0810006;1066000;3811400;3821100;4213800;4313400;4321500;4330404;4399199;4651602;4691500;4723700;4724500;4744001;4744099;4751201;4755502;4772500;4921301;4921302;4923002;4924800;4929901;4929902;4929903;4929999;4930201;4930202;5011401;5011402;5012201;5012202;5021101;5021102;5091201;5091202;5099801;5212500;5229002;5250804;5320202;5510801;5611201;6920601;7711000;7719501;7911200;8011101;8020001;8111700;8121400;8130300;8211300;8219901;8219999;8230001;8230002;8291100;8299706;8299799;8593700;8599604;8599699;8650001;9601701;9700500,MANAUS,AM,"2100000,00",05,CNAE_CARGA_TRANSPORTE
84084383000113,F C TRANSPORTE E TURISMO LTDA,F. C. TRANSPORTES,MATRIZ,ATIVA,4922102,3811400;3821100;4321500;4330404;4651602;4691500;4723700;4744001;4744099;4751201;4755502;4772500;4921301;4921302;4923002;4924800;4929901;4929902;4929903;4929999;4930201;4930202;5011401;5011402;5012201;5012202;5021101;5021102;5091201;5091202;5099801;5212500;5229002;5250804;5320202;7711000;7719501;7911200;8020001;8111700;8121400;8130300;8211300;8219901;8219999;8230001;8230002;8299799;8593700;8599604;8599699,MANAUS,AM,"2100000,00",05,CNAE_CARGA_TRANSPORTE
64166873000151,RASTREAMENTO LTDA,RASTREAMENTO VEICULAR,MATRIZ,ATIVA,8291100,,NATAL,RN,"30000,00",03,PALAVRA_CHAVE_GR
65259746000160,JD LIDER SERVICOS DE MONITORAMENTO E TECNOLOGIA ME LTDA,SEG LIDER TECNOLOGIA,MATRIZ,ATIVA,4321500,3313901;4329104;8020001,SALVADOR,BA,"20000,00",01,PALAVRA_CHAVE_GR
65497468000189,LOCALIZO RASTREAMENTO LTDA,LOCALIZO RASTREAMENTO,MATRIZ,ATIVA,4321500,6201501;6202300;6203100;7319002,TERESINA,PI,"20000,00",01,PALAVRA_CHAVE_GR
66024634000192,L F MONITORAMENTO E RASTREAMENTO LTDA,L F MONITORAMENTO E RASTREAMENTO,MATRIZ,ATIVA,8020001,4321500;5229002;7319002,MANAUS,AM,"100000,00",01,PALAVRA_CHAVE_GR
66277355000130,MARIO RASTREAMENTO E MONITORAMENTO LTDA,MARIO RASTREAMENTO E MONITORAMENTO,MATRIZ,ATIVA,4520007,4530703,TERESINA,PI,"10000,00",01,PALAVRA_CHAVE_GR
66626014000123,MAFRA SEGURANCA E MONITORAMENTO LTDA,,MATRIZ,ATIVA,8020001,,SAO LUIS,MA,"20000,00",01,PALAVRA_CHAVE_GR
66719563000142,MISSAO ROTA CERTA RASTREAMENTO LTDA,MISSAO RASTREAMENTO,MATRIZ,ATIVA,8020001,3329599;4321500;4520007;4530703;9329899,NATAL,RN,"20000,00",01,PALAVRA_CHAVE_GR
66907417000140,FALCAO RASTREAMENTO LTDA,FALCAO RASTREAMENTO VEICULAR,MATRIZ,ATIVA,4520007,7739099,SAO LUIS,MA,"10000,00",01,PALAVRA_CHAVE_GR
64000914000135,N R SERVICOS LTDA,SOS PARA MONITORAMENTO VEICULAR,MATRIZ,ATIVA,8211300,7020400;8299799,BELEM,PA,"30000,00",01,PALAVRA_CHAVE_GR
00122371000146,HELIO AMARAL ASSIS BATISTA FILHO,SSATRACK MONITORAMENTO E RASTR. ON LINE DE VEICULOS,MATRIZ,ATIVA,8020001,4923002;4924800;4929901;4929902,SALVADOR,BA,"50000,00",01,PALAVRA_CHAVE_GR
78531530001982,TRANSZAPE TRANSPORTES RODOVIARIOS LTDA,TRANSZAPE TRANSPORTES RODOVIARIO LTDA.,FILIAL,ATIVA,4930202,4930203;5211701;5212500;5250803;8020001,FEIRA DE SANTANA,BA,"0,00",05,CNAE_CARGA_TRANSPORTE
14206346000155,M E TRANSRASTREAMENTO LTDA,SIGA RASTREAMENTO,MATRIZ,ATIVA,8020001,5320202;7711000,MANAUS,AM,"500000,00",01,PALAVRA_CHAVE_GR
07620517000122,SEG SATT MONITORAMENTO DE SISTEMAS ELETRONICOS LTDA,SEG SATT,MATRIZ,ATIVA,8020001,,BELEM,PA,"50000,00",01,PALAVRA_CHAVE_GR
07211999000167,NORTE MONITORAMENTO DE ALARMES E RASTREAMENTO VEICULAR LTDA,NORTE MONITORAMENTO DE ALARMES E RASTREAMENTO VEICULAR,MATRIZ,ATIVA,8020001,4321500;4520007;8111700;8121400,NATAL,RN,"15000,00",01,PALAVRA_CHAVE_GR
09571915000121,J P SERVICOS DE CONSTRUCAO LTDA,JP TRANSPORTE SERVICOS E LOCACAO,MATRIZ,ATIVA,4399103,0161099;3702900;4120400;4211101;4211102;4212000;4213800;4221903;4222701;4311801;4311802;4312600;4313400;4321500;4322301;4322302;4322303;4399101;4399105;4744099;4923002;4930201;4930202;7711000;7731400;7732201;7732202;7810800;7820500;8020001;8299799,MANAUS,AM,"800000,00",01,CNAE_CARGA_TRANSPORTE
10378270000194,TRILHA SERVICOS DE MONITORAMENTO E COMERCIO DE ELETRONICOS LTDA,TRILHA RASTREAMENTO,MATRIZ,ATIVA,8020001,4751201;4757100;4761003,MANAUS,AM,"200000,00",01,PALAVRA_CHAVE_GR
10430210000173,PARA MONITORAMENTO DE SISTEMAS DE SEGURANCA LTDA,PARA SERVICOS GERAIS,MATRIZ,ATIVA,8020001,7810800;7820500;8111700;8121400,BELEM,PA,"50000,00",01,PALAVRA_CHAVE_GR
12311850000190,CTLP SERVICOS E MONITORAMENTO LTDA,CTLP COMERCIO E PRESTACAO DE SERVICOS,MATRIZ,ATIVA,4751201,1813001;4321500;4322302;4322303;4329103;4742300;4753900;4789007;7733100;7739099;8011101;8020001;8111700;8121400;8219999;8230001;9511800;9512600,SAO LUIS,MA,"100000,00",03,PALAVRA_CHAVE_GR
13990500000160,MORAIS RODRIGUES COMERCIO E SERVICO AUTOMOTIVO LTDA,PAINT CAR RISCOS E MOSSAS,MATRIZ,ATIVA,4520001,4530703,SALVADOR,BA,"10000,00",01,PALAVRA_CHAVE_GR
14107778000109,TRANSPORTES EXPONENCIAL LTDA,ISA TRANSPORTES EXPONENCIAL,MATRIZ,ATIVA,4541206,3314707;4321500;4322302;4541204;4543900;4753900;4763605;4923002;4924800;5099801;5099899;7711000;7739099;8011101;8020001;8111700;8129000;8211300,MANAUS,AM,"200000,00",01,CNAE_CARGA_TRANSPORTE
14063486000111,D'TECH MONITORAMENTO E SOLUCOES AUTOMOTIVAS LTDA,D'TECH IMPORT,MATRIZ,ATIVA,8020001,4520007;4530704;4713002;4757100;4759899,MANAUS,AM,"200000,00",01,PALAVRA_CHAVE_GR
08675015000161,R. DE SA TELES MONITORAMENTO DE VEICULOS LTDA,SALVADOR SAT MONITORAMENTO DE VEICULOS,MATRIZ,ATIVA,8020001,3329599;4221903;4322301;4322302,FEIRA DE SANTANA,BA,"56000,00",01,PALAVRA_CHAVE_GR
16478447000100,F F RODRIGUES RIBEIRO LTDA,TANK RASTREADORES,MATRIZ,ATIVA,5320202,4520007;4541206;4751201;4752100,MANAUS,AM,"100000,00",01,PALAVRA_CHAVE_GR
17793300000259,MAV MONITORAMENTO COMERCIO E SERVICOS LTDA,SHOP SECURITY 4,FILIAL,ATIVA,4673700,4321500;4530705;4541201;4541203;4541206;4651601;4742300;4744003;4751201;4752100;4753900;4754703;4757100;4763601;4763603;5320202;7319002;7490104;8020001,MANAUS,AM,"3500000,00",05,PALAVRA_CHAVE_GR
14688972000206,REPAL REVENDEDORA DE PECAS E ACESSORIOS LTDA,SIERVI RISCOS E MOSSAS,FILIAL,ATIVA,4520001,,SALVADOR,BA,"20000,00",03,PALAVRA_CHAVE_GR
18844400000149,L M SERVICOS E LOGISTICA LTDA,LM CARGAS,MATRIZ,ATIVA,5250804,4520004;4520005;4520006;4530703;4530705;4930202;4930203;5250803;7020400;8020001,NATAL,RN,"50000,00",01,CNAE_CARGA_TRANSPORTE
20835763000160,RM RASTREADORES LTDA,RM RASTREADORES,MATRIZ,ATIVA,8020001,7739099,SALVADOR,BA,"5000,00",01,PALAVRA_CHAVE_GR
21456583000130,HC CORRETORA E ADMINISTRADORA DE SEGUROS LTDA,HC CONSULTORIA DE GESTAO DE SAUDE E RISCOS,MATRIZ,ATIVA,6622300,6621502,SALVADOR,BA,"10000,00",03,PALAVRA_CHAVE_GR
24384192000145,A K QUIRINO PESSOA MONITORAMENTO ELETRONICO,VANGUARDEIRA,MATRIZ,ATIVA,8020001,,SALVADOR,BA,"1000,00",01,PALAVRA_CHAVE_GR
24845039000178,ARGOS COMERCIO & SERVICOS EM MONITORAMENTO ELETRONICO LTDA,ARGOS PORTARIA DIGITAL,MATRIZ,ATIVA,8020001,4321500;4742300;4759899;4789005;7319002;7490104;7739099;8111700;8121400,NATAL,RN,"660000,00",01,PALAVRA_CHAVE_GR
24860954000132,T.L. PEREIRA DOS SANTOS,ALPHA QAP RASTREAMENTO VEICULAR,MATRIZ,ATIVA,8020001,4520005,NATAL,RN,"30000,00",01,PALAVRA_CHAVE_GR
24863720000149,PRIMESEGG SERVICOS DE MONITORAMENTO E SISTEMAS DE SEGURANCA LTDA,PRIMESEGG TECNOLOGIA E SERVICOS,MATRIZ,ATIVA,8020001,4321500;8111700;9512600,JOAO PESSOA,PB,"88000,00",01,PALAVRA_CHAVE_GR
22084387000144,RASTROVIA SERVICOS DE MONITORAMENTO DE VEICULOS E APOIO ADMINISTRATIVO LTDA,RASTROVIA,MATRIZ,ATIVA,8020001,4614100;5229099;6190699;6821802;7490199;8211300;8299799,MANAUS,AM,"100000,00",01,PALAVRA_CHAVE_GR
23784243000163,REFORCE MONITORAMENTO 24 H LTDA,REFORCE MONITORAMENTO 24 H,MATRIZ,ATIVA,8020001,4321500;4751201;6202300;6204000;6209100,TERESINA,PI,"300000,00",01,PALAVRA_CHAVE_GR
16646286000117,CDI SERVICOS ESPECIALIZADOS LTDA,START LOGISTICA E SERVICOS,MATRIZ,ATIVA,8111700,4923002;7711000;8020001;8121400;8299799;8599604;8599699;9609299,SALVADOR,BA,"99800,00",01,CNAE_CARGA_TRANSPORTE
27280377000106,W. R. S. TRANSPORTES LTDA,TRANSPOLY TRANSPORTE DE VEICULOS,MATRIZ,ATIVA,4930202,4321500;4757100;4930201;4930204;5011401;5021101;5021102;5212500;8020001,MANAUS,AM,"5000,00",01,CNAE_CARGA_TRANSPORTE
29016600000120,TATIANA SILVA DOS SANTOS,RASTREARSAT,MATRIZ,ATIVA,4729602,4723700,JOAO PESSOA,PB,"60000,00",01,PALAVRA_CHAVE_GR
29298722000156,WEB TEC COMERCIO E SERVICOS DE SISTEMAS DE SEGURANCA E RASTREAMENTO LTDA,TEC SEG SISTEMAS DE SEGURANCA,MATRIZ,ATIVA,4751201,4221904;4221905;4321500;4651601;4651602;4752100;8020001;9511800;9521500,BRASILIA,DF,"100000,00",01,PALAVRA_CHAVE_GR
30270658000184,5K MANAUS SEGURANCA ELETRONICA E MONITORAMENTO LTDA,5K MANAUS,MATRIZ,ATIVA,8020001,4321500;4751201;4774100;4789007;4789008;8111700;9511800;9512600,MANAUS,AM,"500000,00",03,PALAVRA_CHAVE_GR
30548650000137,COSTA SILVA TRANSPORTE DE CARGAS E CONSTRUCAO LTDA,COSTA SILVA TRANSPORTE E CONSTRUCAO,MATRIZ,ATIVA,4930201,1091102;4292801;4321500;4322301;4330401;4330402;4330403;4330404;4330405;4330499;4633801;4687702;4687703;4741500;4744099;4754701;4754703;4757100;4759899;4923002;7711000;8020001,BRASILIA,DF,"99800,00",01,CNAE_CARGA_TRANSPORTE
30679456000190,DEMAXIMUS TRANSPORTE E SERVICOS LTDA,DEMAXIMUS,MATRIZ,ATIVA,8111700,4781400;5320201;5320202;5620104;8020001;8121400,BELEM,PA,"130000,00",01,CNAE_CARGA_TRANSPORTE
30906982000146,GC SERVICOS DE MONITORAMENTO LTDA,GC SERVICOS DE MONITORAMENTO,MATRIZ,ATIVA,8020001,8111700,SALVADOR,BA,"260000,00",01,PALAVRA_CHAVE_GR
32362934000160,A L S SILVA ATRAC RASTREAMENTO,,MATRIZ,ATIVA,4752100,4321500;4520007;8020001,SAO LUIS,MA,"5000,00",01,PALAVRA_CHAVE_GR
32608422000130,32.608.422 HERBERT VIANA BARROS,LIDER RASTREADORES,MATRIZ,ATIVA,4530703,3321000;4520003;4520007,BRASILIA,DF,"10000,00",01,PALAVRA_CHAVE_GR
34457815000116,TDG  SERVICOS DE MONITORAMENTO ELETRONICO LTDA,TDG SEGURANCA ELETRONICA,MATRIZ,ATIVA,8020001,7739099,JOAO PESSOA,PB,"30000,00",01,PALAVRA_CHAVE_GR
04776058000425,SIGA SAT RASTREAMENTO DE VEICULOS VIA SATELITE LTDA,,FILIAL,ATIVA,8020001,6209100,BRASILIA,DF,"100000,00",01,PALAVRA_CHAVE_GR
04776058000263,SIGA SAT RASTREAMENTO DE VEICULOS VIA SATELITE LTDA,,FILIAL,ATIVA,8020001,4789099;6209100,JOAO PESSOA,PB,"100000,00",01,PALAVRA_CHAVE_GR
34847765000183,LCM RASTREAMENTO E CORRETORA DE SEGUROS LTDA,,MATRIZ,ATIVA,6622300,6190699;8020001;8599604,BELEM,PA,"120000,00",01,PALAVRA_CHAVE_GR
35264725000171,GRUPO MUNDI RASTREADORES LTDA,GRUPO MUNDI RASTREADORES,MATRIZ,ATIVA,8599603,6204000;6622300;8211300;8219999;8599604,VITORIA,ES,"200000,00",01,PALAVRA_CHAVE_GR
36334349000107,ANDERSON MOURA B DE SOUSA LTDA,"VK RASTREAMENTO, TRANSPORTES E SEGURANCA",MATRIZ,ATIVA,8020001,4615000;4930202;4930203,TERESINA,PI,"104500,00",03,PALAVRA_CHAVE_GR
36486668000138,LOCALIZE CONNECT SISTEMAS E SERVICOS EM RASTREAMENTO LTDA,,MATRIZ,ATIVA,8020001,,SALVADOR,BA,"110000,00",01,PALAVRA_CHAVE_GR
36977963000197,SENTINELA MONITORAMENTO E SEGURANCA REMOTA LTDA,SENTINELA MONITORAMENTO E SEGURANCA REMOTA,MATRIZ,ATIVA,4321500,4751201;4752100;4753900;8020001,NATAL,RN,"30000,00",03,PALAVRA_CHAVE_GR
37215483000151,DANIEL FRANCISCO GONCALVES BERNARDES,BERCON CONSULTORIA E GERENCIAMENTO DE RISCOS,MATRIZ,ATIVA,6920601,6920602;7020400;7119704;8211300;8219999,BRASILIA,DF,"20000,00",01,PALAVRA_CHAVE_GR
37648612000103,TOWER TECNOLOGIA E SISTEMA DE MONITORAMENTO LTDA,TOWER TECNOLOGIA E SISTEMA DE MONITORAMENTO,MATRIZ,ATIVA,8020001,4221903;4221905;4321500;4322302;4330404;4330499;4399103;4751201;4752100;4753900;6190602;6190699;6209100;8020002;8111700;8129000;8130300;8211300;8219901;8599604;9512600,MANAUS,AM,"200000,00",03,PALAVRA_CHAVE_GR
23104098000122,AUTO POSITION SERVICOS DE RASTREAMENTO LTDA,AUTO POSITION RASTREAMENTO,MATRIZ,ATIVA,6201501,,JOAO PESSOA,PB,"20000,00",01,PALAVRA_CHAVE_GR
38031166000148,AMAZONCEA OPERADOR TURISTICO E TRANSPORTE LTDA,AMAZONCEA TRANSPORTE E TURISMO,MATRIZ,ATIVA,8020001,4921301;4921302;4923002;4929901;4929902;4929999;5091201;5091202;5099801;5099899;6190699;7711000;7911200;7912100;7990200;8020002,MANAUS,AM,"1500000,00",03,CNAE_CARGA_TRANSPORTE
39541814000179,JR SAT RASTREAMENTO LTDA,JR SAT RASTREAMENTO,MATRIZ,ATIVA,8020001,4520007,JOAO PESSOA,PB,"80000,00",01,PALAVRA_CHAVE_GR
41277232000179,TI9 SOLUCOES EM INTERNET LTDA,TI5 RASTREAMENTO,MATRIZ,ATIVA,8020001,4751201;4752100;7739099,BRASILIA,DF,"300000,00",03,PALAVRA_CHAVE_GR
41469465000173,GERLAN MARQUES DA SILVA,GOLF RASTREAMENTO,MATRIZ,ATIVA,8020001,1830003;4321500,MANAUS,AM,"15000,00",01,PALAVRA_CHAVE_GR
33881234000144,JUARES FREITAS DE MIRANDA - JM VEICULOS,JM RASTREAMENTO,MATRIZ,ATIVA,4520007,,VITORIA,ES,"20000,00",01,PALAVRA_CHAVE_GR
41987304000171,ONLINE RASTREAMENTO VEICULAR LTDA,@ONLINE RASTREAMENTO VEICULAR,MATRIZ,ATIVA,8020001,4520001;4530703;4732600;6190699,NATAL,RN,"50000,00",01,PALAVRA_CHAVE_GR
40741676000150,TECLOGIN TECNOLOGIA SERVICOS E RASTREAMENTO LTDA,TECLOGIN,MATRIZ,ATIVA,8020001,4520003;4520005;4520006;4520007;4530703;4637199;4639701;4645101;4645103;4646001;4646002;4647801;4649408;4679699;4729699;4751201;4771701;5229002;6190601;7729202,MANAUS,AM,"500000,00",01,PALAVRA_CHAVE_GR
40850502000126,ROTATRACK RASTREAMENTO VEICULAR E MANUTENCAO LTDA,ROTATRACK RASTREAMENTO,MATRIZ,ATIVA,4530704,4321500,MANAUS,AM,"200000,00",01,PALAVRA_CHAVE_GR
33718509000123,LINK TRAC RASTREAMENTO VEICULAR VIA SATELITE LTDA,LINK TRAC,MATRIZ,ATIVA,8020001,6209100,BRASILIA,DF,"100000,00",01,PALAVRA_CHAVE_GR
40773789000138,2 M LOGISTICA E AGENCIA DE VIAGENS E TURISMO LTDA,2 M LOGISTICA E AGENCIA DE VIAGENS E TURISMO,MATRIZ,ATIVA,7911200,3812200;4321500;4399104;4921302;4924800;4929901;4929902;4930202;4930203;5021101;5021102;5022001;5022002;5091201;5091202;5099801;5099899;5250803;5250804;5829800;6201501;6202300;6203100;6822600;7020400;7119701;7711000;7719501;7719599;7731400;7732201;7739099;7912100;7990200;8011101;8020001,MANAUS,AM,"400000,00",01,CNAE_CARGA_TRANSPORTE
46417412000122,L C DA SILVA RASTREAMENTO LTDA,THE FLASH,MATRIZ,ATIVA,8020001,4530703;4541206;4751202;5229002;7319002;8299707;9511800,BELEM,PA,"30000,00",01,PALAVRA_CHAVE_GR
44122940000129,AZUL TRACKER MONITORAMENTO DE SISTEMA DE SEGURANCA LTDA.,AZUL TRACKER,MATRIZ,ATIVA,8020001,7112000,FEIRA DE SANTANA,BA,"250000,00",01,PALAVRA_CHAVE_GR
46671282000150,GLOBAL MONITORAMENTO  VEICULAR LTDA,GLOBAL MONITORAMENTO VEICULAR,MATRIZ,ATIVA,8020001,4751201;4752100;6209100,TERESINA,PI,"350000,00",03,PALAVRA_CHAVE_GR
46837414000170,E E GOMES DO NASCIMENTO SERVICOS DE MONITORAMENTO,FORTALEZA SISTEMA DE MONITORAMENTO,MATRIZ,ATIVA,8020001,,BELEM,PA,"60000,00",01,PALAVRA_CHAVE_GR
47100640000137,CORRETORA DE SEGUROS RS LTDA,RICARDO SANTOS PLANEJAMENTO E GESTAO DE RISCOS,MATRIZ,ATIVA,6622300,,BRASILIA,DF,"10000,00",01,PALAVRA_CHAVE_GR
47352636000166,"TITO & XAVIER RASTREAMENTO, PECAS E MANUTENCAO LTDA",RASTREAR CAR,MATRIZ,ATIVA,8211300,4530703;5229002;7711000;8020001,FEIRA DE SANTANA,BA,"10000,00",03,PALAVRA_CHAVE_GR
47791903000100,MPR MONTEIRO TRANSPORTES LTDA,MPR MONTEIRO TRANSPORTES,MATRIZ,ATIVA,4930202,3811400;4110700;4120400;4211101;4212000;4213800;4221902;4221903;4221904;4221905;4222701;4292801;4313400;4321500;4322301;4322302;4322303;4329104;4391600;4399101;4399105;4924800;4930201;4930203;5212500;7112000;7711000;7732201;7732202;7739099;8020001;8129000;8130300,TERESINA,PI,"400000,00",01,CNAE_CARGA_TRANSPORTE
47810875000112,GESTAO DE RISCO PROFISSIONAL LTDA,BLINDAMED GESTAO DE RISCO PROFISSIONAL,MATRIZ,ATIVA,8211300,7020400;7490104;8599604,BRASILIA,DF,"200000,00",01,PALAVRA_CHAVE_GR
48653662000197,"N.R.C MONITORAMENTO, SEGURANCA E DISTRIBUIDORA LTDA",TECHNO SYSTEM SEGURANCA,MATRIZ,ATIVA,8020001,4321500;4752100;4753900;4759899;8111700;9512600,ARACAJU,SE,"30000,00",01,PALAVRA_CHAVE_GR
49622258000119,XAVLOC RASTREAMENTO LTDA,XAVLOC RASTREAMENTO,MATRIZ,ATIVA,8020001,4520001;4520003;4520007;4530703;4541206;4543900;4752100;4763603;5229001;5229002;7711000;7732201;8011101,SAO LUIS,MA,"10000,00",01,PALAVRA_CHAVE_GR
49633871000131,LM RASTREAMENTOS LTDA,LM RASTREAMENTOS,MATRIZ,ATIVA,8020001,4321500,MANAUS,AM,"20000,00",01,PALAVRA_CHAVE_GR
50609309000151,ELOHIM RASTREAMENTO VEICULAR LTDA,ELOHIM RASTREAMENTO VEICULAR,MATRIZ,ATIVA,8020001,1830003;4321500;4751201;4752100,MANAUS,AM,"20000,00",01,PALAVRA_CHAVE_GR
50833316000132,MONITORAMENTO DE ALARME E TECNOLOGIA LTDA,,MATRIZ,ATIVA,8020001,4321500;4742300;4759899,TERESINA,PI,"1000,00",01,PALAVRA_CHAVE_GR
15024126000254,J R DINIZ JUNIOR,J R DINIZ SOM E RASTREADORES SLZ,FILIAL,ATIVA,4520007,4520001;4520003;4530703;4530705,SAO LUIS,MA,"200000,00",01,PALAVRA_CHAVE_GR
52578004000155,PROTEG RASTREAMENTO LTDA,PROTEG RASTREAMENTO,MATRIZ,ATIVA,8020001,,TERESINA,PI,"10000,00",01,PALAVRA_CHAVE_GR
52599502000184,VESPEC SERVICOS DE PORTARIA E MONITORAMENTO LTDA.,,MATRIZ,ATIVA,8111700,8020001;8299799,SALVADOR,BA,"140000,00",03,PALAVRA_CHAVE_GR
53410044000156,PROTEGEUS ENGENHARIA DE RISCOS LTDA,PROTEGEUS ENGENHARIA DE RISCO,MATRIZ,ATIVA,7420005,6621501;7020400;7112000;7420002;8211300,BRASILIA,DF,"100000,00",01,PALAVRA_CHAVE_GR
53595839000186,MANTO GERENCIADORA ENGENHARIA E CONSULTORIA LTDA,MANTO GERENCIADORA,MATRIZ,ATIVA,7112000,4399101;7119703;8219999,VITORIA,ES,"5000,00",01,PALAVRA_CHAVE_GR
53720118000150,CARRO SEGURO RASTREAMENTO LTDA,CARRO SEGURO,MATRIZ,ATIVA,8020001,8299799,BRASILIA,DF,"100000,00",01,PALAVRA_CHAVE_GR
54766203000112,CRISPIM RASTREAMENTOS LTDA,CRISPIM RASTREAMENTOS,MATRIZ,ATIVA,8020001,1830003;4321500;4520007,MANAUS,AM,"50000,00",01,PALAVRA_CHAVE_GR
47104421000207,J. F. ALBERTT LTDA,JR TRANSPORTES,FILIAL,ATIVA,4930201,1099604;1413401;1413402;1813001;1822901;2539001;4321500;4322301;4322302;4322303;4399104;4520001;4637199;4647801;4647802;4649408;4649499;4662100;4669999;4712100;4723700;4729699;4751201;4753900;4754701;4759899;4761003;4763601;4763602;4789007;4789099;4921301;4921302;4923002;4929901;4929902;4929903;4929904;4929999;4930202;4930204;5212500;5250804;5320202;5611205;5620102;5620104;6190699;6920601;7490104;7711000;7719599;7732201;7732202;7739099;8020002;8121400;8129000;8219901;8230001;8230002;8299799;9319101;9329899,MANAUS,AM,"500000,00",03,CNAE_CARGA_TRANSPORTE
57127450000167,TULLY SERVICOS DE TRANSPORTE E LOCACAO DE VEICULOS E EQUIPAMENTOS LTDA,,MATRIZ,ATIVA,7711000,4511101;4520001;4520002;4520003;4520004;4520005;4520006;4520007;4921301;4921302;4923002;4924800;4929901;4929902;4930204;5091201;5091202;5223100;5229001;7490104;7719501;7719502;7719599;7731400;7732201;7739001;7739099;7820500;8020001;8020002;8130300;8211300;8219999,MANAUS,AM,"300000,00",01,CNAE_CARGA_TRANSPORTE
57144285000151,"MINDTEC MONITORAMENTO, ALUGUEL E INSTALACAO DE SISTEMA ELETRONICO LTDA",MINDTEC,MATRIZ,ATIVA,8020001,3314799;4321500;6202300;6203100;6204000;6209100;6311900;7490199;7733100;7739002;7739099;8219999;8599604;8660700;9511800,SALVADOR,BA,"1000000,00",05,PALAVRA_CHAVE_GR
57248629000172,NINJA RASTREAMENTO LTDA,NINJA RASTREAMENTO,MATRIZ,ATIVA,8020001,4520007;4530703;8011101,BRASILIA,DF,"50000,00",01,PALAVRA_CHAVE_GR
57713894000265,FOX TRANSPORTES E SERVICOS LTDA,,FILIAL,ATIVA,4930202,4930201;4930203;4930204;5211702;5211799;5229099;5250805;7711000;8020001,SAO LUIS,MA,"100000,00",03,CNAE_CARGA_TRANSPORTE
34912162000380,M F DA S MONTEIRO COMERCIO E REPRESENTAO,TIGER MONITORAMENTO E SERVICOS,FILIAL,ATIVA,4755503,4754702;4759801;4772500;4782201;4782202;6822600;8020001,BELEM,PA,"750000,00",03,PALAVRA_CHAVE_GR
59787814000160,JAMPA RASTREADORES LTDA,JAMPA RASTREADORES,MATRIZ,ATIVA,4520007,4321500;9511800;9512600;9521500,JOAO PESSOA,PB,"10000,00",01,PALAVRA_CHAVE_GR
59816159000121,P4 CENTRAL DE RASTREAMENTO LTDA,,MATRIZ,ATIVA,8020001,4520007;4530701;4530703;4543900;4753900;5229002;6209100;6311900;7711000;7739099;8020002,SAO LUIS,MA,"10000,00",01,PALAVRA_CHAVE_GR
61526033000164,ASA RASTREIO E MONITORACAO LTDA,ASA MONITORAMENTO,MATRIZ,ATIVA,8020001,4321500;5320202,BELEM,PA,"180000,00",01,PALAVRA_CHAVE_GR
58745922000108,PATRULHA SEG E TECNOLOGIA LTDA,PATRULHA RASTREAMENTO,MATRIZ,ATIVA,8020001,6110803;6190601,TERESINA,PI,"10000,00",01,PALAVRA_CHAVE_GR
49117572000144,MANAUS RASTREADORES LTDA,MANAUS RASTREADORES,MATRIZ,ATIVA,4520007,3321000;4321500;4329105;4520003;4530703;4541206;4742300;4751201;4752100;4753900;4757100;8020002;9512600;9521500,MANAUS,AM,"100000,00",01,PALAVRA_CHAVE_GR
49681584000105,IMPACTO CONSTRUCOES E TRANSPORTES LTDA,IMPACTO CONSTRUCOES E TRANSPORTES,MATRIZ,ATIVA,3011301,1813099;2511000;2599399;3011302;3012100;3101200;3311200;3314701;3314799;3317101;3317102;3319800;3811400;3831999;4120400;4211102;4221902;4221903;4291000;4292801;4299501;4313400;4321500;4322301;4322302;4322303;4329103;4329199;4330401;4330403;4330404;4330405;4330499;4399103;4399104;4642702;4645101;4647801;4649404;4649408;4649409;4651601;4651602;4652400;4661300;4663000;4669901;4669999;4671100;4673700;4679699;4681805;4923002;4930201;4930202;4930203;5012201;5021101;5021102;5030101;5030102;5030103;5091201;5091202;5099801;5212500;5231101;5231102;5231103;5239799;5250803;5250804;5250805;5320201;5320202;5620101;6810202;7111100;7112000;7711000;7719501;7719599;7721700;7732201;7739003;7739099;8020001;8111700;8121400;8129000;8211300;9511800,MANAUS,AM,"2500000,00",05,CNAE_CARGA_TRANSPORTE
62267169000160,RASTRO TRAF RASTREAMENTO VEICULAR LTDA,RASTRO TRAF RASTREAMENTO VEICULAR,MATRIZ,ATIVA,4520007,,BRASILIA,DF,"150000,00",03,PALAVRA_CHAVE_GR
63738299000104,RASTREA BR LTDA,RASTREA BR,MATRIZ,ATIVA,9511800,4511102;7319002;7711000,SALVADOR,BA,"100000,00",01,PALAVRA_CHAVE_GR
68256555000132,ED MONITORAMENTO E VIGILANCIA LTDA,ED MONITORAMENTO E VIGILANCIA,MATRIZ,ATIVA,8020001,7490104,JOAO PESSOA,PB,"40000,00",01,PALAVRA_CHAVE_GR
03565043000102,C5 MONITORAMENTO LTDA,,MATRIZ,ATIVA,8020001,7739099,NATAL,RN,"200000,00",03,PALAVRA_CHAVE_GR
08080783000172,D. DA S. LIRA & CIA LTDA,GLOBAL TRACKER RASTREAMENTO,MATRIZ,ATIVA,8020001,3314707;4322302;4330402;4757100;9521500,MANAUS,AM,"100000,00",01,PALAVRA_CHAVE_GR
08106287000140,DOBBLE LOGISTICA E CONSTRUCOES LTDA,DOBBLE LOGISTICA,MATRIZ,ATIVA,5250805,1099699;1813001;1822999;2599301;3314713;3900500;4120400;4211101;4213800;4221902;4221903;4222701;4222702;4291000;4292801;4299501;4299599;4313400;4321500;4322302;4322303;4330404;4330499;4391600;4399104;4399105;4511101;4511102;4530703;4611700;4612500;4623109;4633801;4637199;4639702;4644301;4645101;4645102;4645103;4649408;4651601;4664800;4669999;4672900;4673700;4679699;4681805;4686902;4691500;4712100;4721103;4724500;4729699;4742300;4751201;4761003;4763602;4923002;4924800;4930201;5011402;5012201;5091201;5229099;5611201;7112000;7311400;7319003;7420002;7420004;7490105;7711000;7719501;7721700;7731400;7739003;7739099;7911200;8011101;8020001;8020002;8121400;8122200;8130300;8211300;8230001;8299799;8599604;9001905;9001906;9319101;9511800;9529105;9529199,MANAUS,AM,"1000000,00",03,CNAE_CARGA_TRANSPORTE
03613214000121,T. I. LOG TECNOLOGIA DA INFORMACAO E LOGISTICA LTDA,T.I. LOG,MATRIZ,ATIVA,6209100,3313999;4321500;4322302;4618402;4618403;4618499;4751201;4752100;4753900;4756300;4757100;4759899;4762800;4763601;4763602;5320201;5611201;5620101;5620102;6202300;6203100;6319400;7319002;7320300;7733100;8020001;8219901;8220200;8230001;8291100;8599603;8599604;9512600;9521500,MANAUS,AM,"1000000,00",05,CNAE_CARGA_TRANSPORTE
12874398000174,TERESINA NET LTDA,TERESINA GPS RASTREAMENTOS LTDA,MATRIZ,ATIVA,6110803,6190601;6201501;6202300;6204000;6209100;6311900;7733100;8020001,TERESINA,PI,"200000,00",01,PALAVRA_CHAVE_GR
17508767000129,S. F. O. TRAJANO SERVICOS,CLICK SERVICOS MONITORAMENTO DIGITAL,MATRIZ,ATIVA,4321500,4330499;6209100;8020001;8111700;8112500;9511800;9512600;9521500,BRASILIA,DF,"10000,00",01,PALAVRA_CHAVE_GR
17892236000182,PAULO MENDES & CIA LTDA,TIRA RISCO FERRARI,MATRIZ,ATIVA,4520002,4520001;4530703;4530704,BELEM,PA,"50000,00",01,PALAVRA_CHAVE_GR
18516711000189,F B SAMPAIO E CIA LTDA,LEMUEL MONITORAMENTO ELETRONICO,MATRIZ,ATIVA,8020001,3314707;4221902;4221903;4221904;4221905;4322302;4322303;4330402;4330404;4614100;4651601;4651602;4652400;4689399;4751201;4757100;6110801;6110803;6120501;6190601;6204000;6209100;6311900;7112000;8599603;9511800;9512600,MANAUS,AM,"500000,00",01,PALAVRA_CHAVE_GR
20183558000167,CASA DO RASTREADOR MANAUS LTDA,CASA DO RASTREADOR E ACESSORIOS DE AUTOS LTDA,MATRIZ,ATIVA,4520007,3312102;4530703;4752100;6920601;7711000,MANAUS,AM,"10000,00",01,PALAVRA_CHAVE_GR
21892538000128,DF CONSTRUTORA E ENGENHARIA LTDA,DF CARGAS,MATRIZ,ATIVA,4330499,1354500;2391503;2512800;2542000;2599301;3101200;3240099;3314707;3314710;3329501;4120400;4211101;4211102;4213800;4221902;4292801;4299501;4311801;4313400;4321500;4322301;4322302;4322303;4329104;4330402;4330403;4330404;4330405;4399102;4399103;4399104;4399105;4399199;4647801;4669999;4741500;4742300;4743100;4744001;4744002;4744003;4744006;4744099;4751201;4753900;4759899;4761001;4761003;4789099;4930201;4930202;5914600;7111100;7112000;7119703;7420002;7490105;7732202;7739003;8011101;8020001;8020002;8111700;8121400;8122200;8129000;8130300;8299799;9001999;9511800;9521500,BRASILIA,DF,"100000,00",01,CNAE_CARGA_TRANSPORTE
22634959000111,BIOSAT RASTREAMENTO DE VEICULOS LTDA,BIOSAT RASTREAMENTO DE VEICULOS,MATRIZ,ATIVA,4520007,4321500;4520003;4530703,BRASILIA,DF,"10000,00",01,PALAVRA_CHAVE_GR
25232107000196,J JOSE DE OLIVEIRA,J J APOIO & MONITORAMENTO RESIDENCIAL,MATRIZ,ATIVA,8111700,8121400;8130300;8211300;8299799,BRASILIA,DF,"5000,00",01,PALAVRA_CHAVE_GR
25135285000107,AXSAT CAR MONITORAMENTO DE VEICULOS LTDA,AXSAT CAR,MATRIZ,ATIVA,8020001,4751201;6201501;6204000;6209100,BRASILIA,DF,"500000,00",01,PALAVRA_CHAVE_GR
24149201000113,COOPERATIVA DE PROFISSIONAIS EM CONSULTORIA DO TRANSPORTE - TRANSPORTARE,COOPERATIVA DE PROFISSIONAIS EM CONSULTORIA DO TRANSPOR,MATRIZ,ATIVA,7020400,5229099;5250803;5250804;5320201;5320202;6201501;6204000;6311900;6319400;6911701;6920601;6920602;7112000;7119704;7311400;7319004;7319099;7490199;7810800;8020001;8020002;8630599;9411100;9511800,NATAL,RN,"69000,00",05,CNAE_CARGA_TRANSPORTE
11203800000126,TC MONITORAMENTO DE SEGURANCA LTDA,,MATRIZ,ATIVA,8020001,,FEIRA DE SANTANA,BA,"4000000,00",05,PALAVRA_CHAVE_GR
14514401000174,TECHSERVICE SERVICOS DE MONITORAMENTO ELETRONICOS LTDA,TECHSERVICE,MATRIZ,ATIVA,8020001,3321000;4321500;4742300;4751201;4752100;4754703;7490104;7739099,BRASILIA,DF,"6330442,00",05,PALAVRA_CHAVE_GR
09466011000136,M H A FECURY,PAP LOGISTICA,MATRIZ,ATIVA,5320202,1813001;1830001;3812200;4321500;4724500;4729699;4751201;4757100;4923002;4930201;5120000;5212500;5223100;5229099;5240199;5250803;5250804;5250805;5320201;5620102;5911102;5911199;5920100;6010100;6190699;6203100;6209100;6319400;7020400;7112000;7311400;7490105;7711000;7739003;7810800;8020001;8121400;8230001;8592999;8599603;8599604;8640207;9001902;9001906;9001999;9003500;9319101;9511800,BELEM,PA,"65000,00",01,CNAE_CARGA_TRANSPORTE
18490535000153,RD COMPANY LTDA,RD TRANSPORTE CONSTRUCAO TERRAPLANAGEM LTDA,MATRIZ,ATIVA,4761003,1412601;1813001;1821100;1822901;1822999;3299003;3299004;3299099;4213800;4292801;4321500;4322301;4330402;4330404;4399102;4399104;4511104;4511106;4623108;4633801;4637105;4642701;4642702;4644302;4645101;4645102;4645103;4646001;4647801;4647802;4649401;4649402;4649403;4649408;4649409;4651601;4651602;4684299;4712100;4721103;4724500;4741500;4742300;4744001;4744003;4744004;4744005;4744099;4759801;4759899;4763605;4781400;4789007;4789099;4923002;5021101;5022002;5250804;5620101;5620102;5620104;5911101;5911199;6010100;6391700;7020400;7119701;7120100;7312200;7319002;7319004;7319099;7320300;7410299;7420004;7490104;7711000;7719501;7719599;7729202;7732201;7739003;7739099;7820500;8020001;8121400;8129000;8211300;8230001;8230002;8511200;8513900;8520100;8550301;8650099;9001902;9001903;9001906;9001999,MANAUS,AM,"4000000,00",03,CNAE_CARGA_TRANSPORTE
10360080000140,LINKWAP ADMINISTRADORA E GERENCIADORA DE HOSPEDAGENS LTDA,LINKWAP ADMINISTRADORA E GERENCIADORA DE HOSPEDAGENS,MATRIZ,ATIVA,8211300,4321500;4329199;5510802,BRASILIA,DF,"300000,00",01,PALAVRA_CHAVE_GR
27785101000171,VIEW RASTREAMENTO E ASSISTENCIA LTDA,VIEW RASTREAMENTO,MATRIZ,ATIVA,4321500,7739099;8291100,ARACAJU,SE,"10000,00",01,PALAVRA_CHAVE_GR
27934816000149,RISK CAR RISCOS E MOSSAS LTDA,RISK CAR - RISCOS E MOSSAS,MATRIZ,ATIVA,4520002,4530703,SALVADOR,BA,"93700,00",01,PALAVRA_CHAVE_GR
28772764000114,ATIVO MONITORAMENTO SOLUCOES LTDA,ATIVO MONITORAMENTO,MATRIZ,ATIVA,8020001,4520001;4520002;4520003;4520004;4520005;4520007;4520008;4530701;4530702;4530703;4530704;4530705;4530706;4614100;4618401;4618402;4618403;4619200;4751201;4752100;4753900,BRASILIA,DF,"20000,00",01,PALAVRA_CHAVE_GR
28920314000121,RASTROCAR RASTREAMENTO LTDA,RASTROCAR RASTREAMENTO,MATRIZ,ATIVA,8020001,3319800;3329599;4321500;8020002,SALVADOR,BA,"15000,00",01,PALAVRA_CHAVE_GR
29311907000153,LG SERVICOS AUTOMOTIVOS LTDA,LG RASTREAMENTO,MATRIZ,ATIVA,4530703,8020001,BRASILIA,DF,"20000,00",01,PALAVRA_CHAVE_GR
27284365000141,RT RASTREADORES E SERVICOS LTDA,RT RASTREADORES,MATRIZ,ATIVA,8020001,4321500;7711000;7739099;8219999,SALVADOR,BA,"60000,00",01,PALAVRA_CHAVE_GR
31527390000267,SOS SERVICO DE MONITORAMENTO E RASTREAMENTO 24H LTDA,SOS MONITORAMENTO E RASTREAMENTO,FILIAL,ATIVA,8020001,4520001;5229002,TERESINA,PI,"100000,00",03,PALAVRA_CHAVE_GR
31527390000186,SOS SERVICO DE MONITORAMENTO E RASTREAMENTO 24H LTDA,SOS MONITORAMENTO E RASTREAMENTO,MATRIZ,ATIVA,8020001,,JOAO PESSOA,PB,"100000,00",03,PALAVRA_CHAVE_GR
33208823000166,AR CONSULTORIA LTDA,AVOID RISCOS,MATRIZ,ATIVA,7490199,7020400;7119703;7119704;7119799;7120100;7210000;7220700;7420002;8599603;8599604;8599699,VITORIA,ES,"20000,00",01,PALAVRA_CHAVE_GR
32754132000103,EX SERVICOS DE MONITORAMENTO LTDA,EX SERVICOS DE MINITORAMENTO,MATRIZ,ATIVA,8299799,3811400;4321500;4330404;4330499;4751201;4752100;4753900;6822600;7820500;8020001;8111700;8112500;8121400;8130300;8219999;9609299,SALVADOR,BA,"800000,00",03,PALAVRA_CHAVE_GR
33746879000174,SEG RISCO SEGURANCA EM TRANSPORTES LTDA,SEG RISCO PRONTA RESPOSTA,MATRIZ,ATIVA,8020001,8020002,ARACAJU,SE,"1000,00",05,PALAVRA_CHAVE_GR
33780405000149,JR TRACK RASTREAMENTO LTDA,JR TRACK RASTREAMENTO VEICULAR,MATRIZ,ATIVA,8020001,3314710;4520001;4520002;4520003;4520004;4520005;4520007;4530701;4530703;4661300;4663000;4669999;4684201;4930202;5229002;6190699;6201501;6202300;6203100;6204000;6209100;7490104;7739099;8299707;8299799,ARACAJU,SE,"650000,00",01,PALAVRA_CHAVE_GR
34441180000169,ALLIANCAR RASTREAMENTO LTDA,ALLIAN CAR,MATRIZ,ATIVA,8020001,4520007,SALVADOR,BA,"100000,00",01,PALAVRA_CHAVE_GR
34494247000123,SAFETRACE RASTREAMENTO VEICULAR LTDA,,MATRIZ,ATIVA,8020001,7319002;8220200,ARACAJU,SE,"2000,00",01,PALAVRA_CHAVE_GR
35663068000135,CONFIANCA FACILITIES MAO DE OBRA ESPECIALIZADA E SERVICOS DE MONITORAMENTO E VENDA DE EQUIPAMENTOS ELETRONICOS LTDA,CONFIANCA FACILITIES,MATRIZ,ATIVA,6822600,4211101;8020001;8121400;8219999,BRASILIA,DF,"500000,00",01,PALAVRA_CHAVE_GR
35855521000105,TOPMAR RASTREAMENTO LTDA,TOPMAR RASTREAMENTO,MATRIZ,ATIVA,8020001,4520007;8211300;8291100,JOAO PESSOA,PB,"99800,00",01,PALAVRA_CHAVE_GR
27141526000148,RAIO RASTREADORES E MONITORAMENTO DE SISTEMAS LTDA,RAIO RASTREADORES DE VEICULOS,MATRIZ,ATIVA,8020001,4520003;4520007;5229002;7729202,MANAUS,AM,"250000,00",03,PALAVRA_CHAVE_GR
37116518000529,BASA TRANSPORTES E SERVICOS LTDA,,FILIAL,ATIVA,4930202,4520001;4520006;7711000;8020001;8211300,TERESINA,PI,"1000000,00",01,CNAE_CARGA_TRANSPORTE
37531325000100,MAXXI ASSISTENCIA E RASTREAMENTO VEICULAR LTDA,MAXXI ASSIST E RASTREAMENTO,MATRIZ,ATIVA,8020001,4520001;4520002;5229002;6319400;7319003;7711000;8291100,NATAL,RN,"10000,00",01,PALAVRA_CHAVE_GR
38329813000100,TECVIP SERVICOS DE MONITORAMENTO E SEGURANCA LTDA,SRE SERVICOS,MATRIZ,ATIVA,8020001,4321500;8111700,BELEM,PA,"35000,00",01,PALAVRA_CHAVE_GR
38403199000171,GRAUSSAT SISTEMA DE RASTREAMENTO LTDA,GRAUSSAT SISTEMA DE RASTREAMENTO,MATRIZ,ATIVA,8020001,7739099,TERESINA,PI,"12000,00",01,PALAVRA_CHAVE_GR
38476935000111,ESCUDO SAT RASTREAMENTO LTDA,ESCUDO SAT,MATRIZ,ATIVA,8020001,4520007;7739099,BRASILIA,DF,"30000,00",01,PALAVRA_CHAVE_GR
39331169000160,SERTANEJA LOCACAO E TERCEIRIZACAO DE MAO DE OBRA TEMPORARIA LTDA,SERTANEJA LOCACAO DE MAO DE OBRA MANUT E MONITORAMENTO,MATRIZ,ATIVA,7820500,5212500;5320201;5320202;7020400;7490104;8020001;8111700;8121400;8129000;8130300;8219999;8230001;8299701;8299799,SALVADOR,BA,"530000,00",01,PALAVRA_CHAVE_GR
40023878000167,E C DE J NUNES MELO,AMBIENTAL MONITORAMENTO E ANALISES DE AGUA,MATRIZ,ATIVA,7120100,,SAO LUIS,MA,"50000,00",01,PALAVRA_CHAVE_GR
41171136000141,PRORAS LOCACAO DE MAQUINAS E MONITORAMENTO VEICULAR LTDA,PRORAS SEGURANCA E MONITORAMENTO VEICULAR,MATRIZ,ATIVA,7731400,0161003;4520007,FEIRA DE SANTANA,BA,"110000,00",01,PALAVRA_CHAVE_GR
41468482000196,R. DE OLIVEIRA RODRIGUES LTDA,A D A TRANSPORTES E SERVICOS,MATRIZ,ATIVA,4924800,3314707;4120400;4211101;4213800;4221903;4221905;4222702;4292801;4312600;4313400;4321500;4322301;4322302;4322303;4330401;4330404;4330499;4391600;4399103;4399199;4618499;4679604;4679699;4712100;4761003;4923002;5212500;6209100;7119703;7119799;7711000;7732202;8020001;8111700;8121400;8129000,MANAUS,AM,"500000,00",03,CNAE_CARGA_TRANSPORTE
41494390000180,CARVALHO RASTREAMENTO LTDA,CARVALHO RASTREAMENTO,MATRIZ,ATIVA,8020001,4321500;4530703,JOAO PESSOA,PB,"30000,00",01,PALAVRA_CHAVE_GR
41539843000148,IEGPS RASTREAMENTO LTDA,,MATRIZ,ATIVA,4520007,4752100;4789099;5229002;8020001,JOAO PESSOA,PB,"20000,00",01,PALAVRA_CHAVE_GR
35640972000125,VISAUTO RASTREAMENTO VEICULAR LTDA,VISAUTO,MATRIZ,ATIVA,8020001,3313999;4321500;4520001;4520007;4543900;5229002;6190699;7711000;7719599;7739099,ARACAJU,SE,"300000,00",01,PALAVRA_CHAVE_GR
31121928000158,BRANFORT VIGILANCIA ELETRONICA LTDA,BRANFORT MONITORAMENTO E RASTREAMENTO,MATRIZ,ATIVA,8020001,4120400;4213800;4222701;4299501;4299599;4321500;4322302;4330404;4399103;4399104;4399105;4399199;4520007;4742300;4751201;4752100;4753900;4763602;4773300;7112000;7732201;7732202;8011101;8020002;8121400;8211300,SAO LUIS,MA,"20000,00",03,PALAVRA_CHAVE_GR
42068877000164,G&A RODRIGUES EMPREENDIMENTOS LTDA,"G&A RODRIGUES EVENTOS, RASTREAMENTO E SEGURANCA",MATRIZ,ATIVA,4511102,4120400;4511101;4541203;4541204;4744099;7490104;8011101;8121400,BELEM,PA,"50000,00",03,PALAVRA_CHAVE_GR
42974223000108,RASTRO DIGITAL RASTREAMENTO VEICULAR LTDA,RASTRO DIGITAL,MATRIZ,ATIVA,8020001,4321500;4520007;4781400,FEIRA DE SANTANA,BA,"50000,00",01,PALAVRA_CHAVE_GR
43251935000153,ID RASTREAMENTOS LTDA,ID RASTREAMENTOS,MATRIZ,ATIVA,4752100,3314710;3321000;4520007;4530703;4530704;4742300;6209100,FEIRA DE SANTANA,BA,"80000,00",01,PALAVRA_CHAVE_GR
36077189000168,3JA SERVICOS AUTOMOTIVOS LTDA,3JA RASTREAMENTO,MATRIZ,ATIVA,4520007,4752100;6190601;6190699;6201501;6209100;6311900;8020001;8111700;8121400;8129000;8130300;9313100,MANAUS,AM,"30000,00",01,PALAVRA_CHAVE_GR
30950131000109,CET SEG INSTALACAO E MONITORAMENTO LTDA,CET SEG PORTARIA VIRTUAL,MATRIZ,ATIVA,8020001,4321500;4520007;4530703;4753900;4759899;6201501;6201502;6202300;6203100;6209100,TERESINA,PI,"1300000,00",01,PALAVRA_CHAVE_GR
39692031000196,TKS RASTREAMENTO LTDA,TKS RASTREAMENTO,MATRIZ,ATIVA,8020001,1830003;4321500;4322301;4520005;4520007;4742300;4744099;4754701;4757100;4789004,MANAUS,AM,"50000,00",03,PALAVRA_CHAVE_GR
44950965000110,BEL MASTER SERVICOS DE MONITORAMENTO LIMPEZA E CONSERVACAO LTDA,BEL MASTER,MATRIZ,ATIVA,8020001,4751201;4752100;7739099;8111700;8121400;9512600,BELEM,PA,"41000,00",01,PALAVRA_CHAVE_GR
46641316000163,PROCARRO MONITORAMENTO E ASSISTENCIA LTDA,PROCARRO MONITORAMENTO E ASSISTENCIA,MATRIZ,ATIVA,8020001,1813099;4520007;5320202;6190699;6619399;7319002;7490104;8211300;8220200;8291100;8299799,FEIRA DE SANTANA,BA,"250000,00",01,PALAVRA_CHAVE_GR
46836973000166,RASTEKNEW RASTREAMENTO VEICULAR GPS LTDA,RASTEKNEW,MATRIZ,ATIVA,8020001,4321500;4520007;4530703;4530704;4759899;7719599,BRASILIA,DF,"10000,00",01,PALAVRA_CHAVE_GR
47041289000150,ATLAS RASTREAMENTO PECAS E SERVICOS LTDA,ATLAS RASTREAMENTO,MATRIZ,ATIVA,8020001,4321500;4520007;4530703;7739099,TERESINA,PI,"10000,00",03,PALAVRA_CHAVE_GR
47262196000156,47.262.196 LARISSA ALVES DOS SANTOS,PODIUM MONITORAMENTO,MATRIZ,ATIVA,8011101,8020001,FEIRA DE SANTANA,BA,"50000,00",01,PALAVRA_CHAVE_GR
48173851000162,FRANCISCA MAURIA MACIEL BONFIM LTDA,RASTRECH - TECNOLOGIA EM RASTREAMENTO,MATRIZ,ATIVA,8020001,4329102;4752100;7733100;9521500,MANAUS,AM,"10000,00",01,PALAVRA_CHAVE_GR
48539169000140,M. F. SANCHEZ SILVA LTDA,M F RASTREAMENTO VEICULAR,MATRIZ,ATIVA,8020001,5611203;5611205;8230002,MANAUS,AM,"200000,00",01,PALAVRA_CHAVE_GR
48810905000153,INVESTIMENTOS E CORRETAGEM DE SEGUROS LTDA,BUENO PLANEJAMENTO FINANCEIRO E GERENCIAMENTO DE RISCO,MATRIZ,ATIVA,6622300,6619399;6821801;6822600,VITORIA,ES,"10000,00",03,PALAVRA_CHAVE_GR
48590166000131,KOREANO RASTREADORES LTDA,KOREANO RASTREAMENTO VEICULAR,MATRIZ,ATIVA,8030700,4520007;4530703;8291100,TERESINA,PI,"10000,00",01,PALAVRA_CHAVE_GR
49310122000173,I4 RASTREAMENTO VEICULAR LTDA,I4 RASTREAMENTOS,MATRIZ,ATIVA,8020001,4520003;4520007,ARACAJU,SE,"60000,00",01,PALAVRA_CHAVE_GR
49718920000139,AMAZON RASTREAMENTO LTDA,AMAZON RASTREAMENTO,MATRIZ,ATIVA,8020001,4321500,MANAUS,AM,"20000,00",01,PALAVRA_CHAVE_GR
50046437000134,DEUSA TRANSPORTES E APOIO EM GERAL LTDA,,MATRIZ,ATIVA,4930201,4321500;4399199;7319099;8020002;8129000;8219999,VITORIA,ES,"10000,00",01,CNAE_CARGA_TRANSPORTE
33149461000180,IP SISTEMAS DE SEGURANCA E MONITORAMENTO ELETRONICO LTDA,IP SISTEMAS DE MONITORAMENTOS,MATRIZ,ATIVA,8020001,4120400;4321500;4330404;4399103;4752100,BRASILIA,DF,"100000,00",03,PALAVRA_CHAVE_GR
50375507000106,SNYK RASTREAMENTO LTDA,,MATRIZ,ATIVA,8020001,,MANAUS,AM,"40000,00",01,PALAVRA_CHAVE_GR
51235438000190,MAIS PRESTADORA DE SERVICOS E RASTREAMENTO LTDA,MAIS PRESTADORA DE SERVICOS E RASTREAMENTO,MATRIZ,ATIVA,8020001,4520001;7711000;8211300,NATAL,RN,"100000,00",01,PALAVRA_CHAVE_GR
51562136000126,S&A MONITORAMENTO LTDA,,MATRIZ,ATIVA,8020001,4321500,SALVADOR,BA,"50000,00",01,PALAVRA_CHAVE_GR
51627464000163,LUIS RICARDO LEITE DEOLINDO RASTREAMENTO,,MATRIZ,ATIVA,8020001,3321000;4321500;4322302;4520001;4520003;4520007;4530701;4530702;4530703;4530705;4541202;4541206;4652400;4723700;4742300;4744001;4744003;4744099;4751201;4752100;4753900;4754701;4754702;4754703;4755501;4755502;4755503;4756300;4757100;4759801;4759899;4763602;4773300;7711000;7739099;8020002;8230001;9511800;9512600,TERESINA,PI,"50000,00",01,PALAVRA_CHAVE_GR
51732539000176,ERO RASTREADORES LTDA,ERO RASTREADORES,MATRIZ,ATIVA,4520007,4929902,BRASILIA,DF,"132000,00",01,PALAVRA_CHAVE_GR
52716335000104,JYREH SOLUCOES - SERVICOS DE MONITORAMENTO E PROTECAO LTDA,JYREH SOLUCOES,MATRIZ,ATIVA,8020001,4330404;4330499;8111700;8121400;8130300;8211300,SALVADOR,BA,"10000,00",01,PALAVRA_CHAVE_GR
54182876000125,SART RASTREAMENTO LTDA,SART RASTREAMENTO,MATRIZ,ATIVA,4520007,4321500;4520003,VITORIA,ES,"50000,00",01,PALAVRA_CHAVE_GR
54619121000145,F. S. C. DE SOUZA,MONITORA RASTREAMENTO VEICULAR,MATRIZ,ATIVA,8020001,,MANAUS,AM,"60000,00",01,PALAVRA_CHAVE_GR
54691326000131,R DA S SANTOS JUNIOR,RICH RASTREAMENTO,MATRIZ,ATIVA,4752100,4530703;4722901;5612100;7719599;7729201,BELEM,PA,"50000,00",01,PALAVRA_CHAVE_GR
54691326000212,R DA S SANTOS JUNIOR,RICH RASTREAMENTO,FILIAL,ATIVA,4752100,4530703;4722901;5612100;7719599;7729201,BELEM,PA,"50000,00",01,PALAVRA_CHAVE_GR
57140973000143,CHARLIE COMERCIO E SERVICOS DE MONITORAMENTO DE SISTEMAS LTDA,CHARLIE SERV,MATRIZ,ATIVA,8020001,3329599;4751201;4759899;7319003;7739099;7820500;8020002;8111700;8121400;8130300;9521500,FEIRA DE SANTANA,BA,"450000,00",01,PALAVRA_CHAVE_GR
58141131000179,VIGIAI TECNOLOGIA PARA MONITORAMENTO INTELIGENTE LTDA,VIGIAI TECNOLOGIA,MATRIZ,ATIVA,6209100,3314709;3314710;3329599;4321500;4322302;4322303;4751201;4757100;4789099;5911199;6201502;6202300;6203100;6204000;6311900;6319400;6399200;7112000;7119799;7420001;7490104;7490199;7711000;7733100;7739099;8020001;8111700;8299799;9511800;9512600;9521500;9529199,FEIRA DE SANTANA,BA,"10000,00",01,PALAVRA_CHAVE_GR
58549705000142,PNX GERENCIADORA LTDA,PX GERENCIADORA,MATRIZ,ATIVA,8291100,,TERESINA,PI,"10000,00",01,PALAVRA_CHAVE_GR
59396102000110,A.M MONITORAMENTO LTDA,A.M MONITORAMENTO,MATRIZ,ATIVA,8020001,4321500;4330402;4330403;4399102;4742300,BRASILIA,DF,"50000,00",03,PALAVRA_CHAVE_GR
59949608000100,COSTA COMERCIO E SERVICOS ELETRONICOS LTDA,MUNDIAL TRACKER RASTREAMENTOS,MATRIZ,ATIVA,8020001,4321500;4520007;4530703;4753900;4757100;6190699,BELEM,PA,"100000,00",01,PALAVRA_CHAVE_GR
47187432000117,FABIANA DA SILVA CAMPOS 64611558215,PITBULL RASTREAMENTO VEICULAR-02,MATRIZ,ATIVA,3321000,,MANAUS,AM,"5000,00",01,PALAVRA_CHAVE_GR
48267857000107,E. A. NUNES GESTAO ESTRATEGICA LTDA,TK MONITORAMENTO,MATRIZ,ATIVA,7020400,,VITORIA,ES,"10000,00",01,PALAVRA_CHAVE_GR
60436336000123,IMPERIO PREMIUM LTDA,IMPERIO MONITORAMENTO,MATRIZ,ATIVA,8020001,4511102;4520001;4520003;4520004;4530704;4530705;4732600;8291100,SALVADOR,BA,"20000,00",01,PALAVRA_CHAVE_GR
61554082000100,MURADA RASTREAMENTO E LOCACOES LTDA,MURADA RASTREAMENTO E LOCACOES,MATRIZ,ATIVA,8020001,4520007;7719599;7729299,SAO LUIS,MA,"100000,00",01,PALAVRA_CHAVE_GR
48779047000121,M DA C DE SOUSA,CENTRAL RASTREAMENTO VEICULAR,MATRIZ,ATIVA,8020001,4520007;4541206,TERESINA,PI,"10000,00",01,PALAVRA_CHAVE_GR
58593127000141,RASTRO RAPIDO RASTREAMENTO VEICULAR LTDA,RASTRO RAPIDO RASTREAMENTO VEICULAR,MATRIZ,ATIVA,4520007,8020002;8220200;8230001,BRASILIA,DF,"30000,00",01,PALAVRA_CHAVE_GR
63828899000155,JS MONITORAMENTO 24H LTDA,,MATRIZ,ATIVA,8020002,8020001,BRASILIA,DF,"180000,00",03,PALAVRA_CHAVE_GR
66258565000181,M L DIOGO COMERCIO E SERVICOS,GEOTRAX RASTREAMENTO E MONITORAMENTO VEICULAR,MATRIZ,ATIVA,8020001,4520007;4652400;4752100;4753900;4757100;6209100;7719599,SAO LUIS,MA,"200000,00",03,PALAVRA_CHAVE_GR
67739733000113,PIMENTEL RASTREAMENTO LTDA,PIMENTEL RASTREAMENTO,MATRIZ,ATIVA,8020001,4321500;4322302;4520007;4530703,TERESINA,PI,"50000,00",01,PALAVRA_CHAVE_GR
67983814000164,PROTEX RASTREAMENTO LTDA,,MATRIZ,ATIVA,8020001,4520001;4520007,TERESINA,PI,"100000,00",03,PALAVRA_CHAVE_GR
05251599000150,AMAZONIA MONITORAMENTOS ENGENHARIA CONSULTORIA ESTUDOS E ANALISES AMBIENTAIS LTDA,AMAZONIA MONITORAMENTOS AMBIENTAIS,MATRIZ,ATIVA,7112000,2511000;2512800;2521700;2599302;2599399;3317101;3317102;3319800;3321000;4211102;4213800;4291000;4292801;4292802;4299599;4312600;4321500;4322301;4322302;4322303;4329102;4329104;4330401;4330402;4330403;4330404;4330499;4399102;4399103;5030101;6399200;7210000;8219999;8299799,MANAUS,AM,"200000,00",03,PALAVRA_CHAVE_GR
06019393000161,RONALDO SILVA AGUIAR,PULSAT MONITORAMENTO E RASTREAMENTO DE VEICULOS,MATRIZ,ATIVA,4759899,8020001,BRASILIA,DF,"0,00",01,PALAVRA_CHAVE_GR
01649873000273,MV MONITORAMENTO LTDA,MV MONITORAMENTO,FILIAL,ATIVA,4753900,3321000;4321500;4742300;4751201;4754703;4757100;8020001;9511800;9512600,MANAUS,AM,"150000,00",03,PALAVRA_CHAVE_GR
26424168000118,"RF SAT AUTO SOLUCOES EM TECNOLOGIA, MONITORAMENTO, RECUPERACAO E REPAROS LTDA",MECANICA FULAN - TURBO E ASPRO,MATRIZ,ATIVA,4520001,4520002;4520003;4530703;4751201;4761003;4789005;6619302;7711000;8020001,BRASILIA,DF,"2000,00",01,PALAVRA_CHAVE_GR
01594314000122,TRANSLOK TRANSPORTES VEICULOS MULTIMARCAS LTDA,TRANSLOK TRANSPORTES VEICULOS MULTIMARCAS,MATRIZ,ATIVA,4921301,4329104;4511102;4512901;4520001;4530703;4530704;4751201;4789099;4922103;4923001;4923002;4924800;4929903;4930201;4930202;5223100;5229002;5229099;5240199;5250804;5310502;5320201;6190699;6203100;6204000;6209100;6613400;7112000;7312200;7711000;7719599;7911200;8020001;8121400;8219999;8230001;8299702;8299799;9700500,BRASILIA,DF,"500000,00",01,CNAE_CARGA_TRANSPORTE
07735888000150,PATRIMONIO SEGURANCA E MONITORAMENTO ELETRONICO LTDA,PATRIMONIO SEGURANCA ELETRONICA,MATRIZ,ATIVA,8020001,4321500;4322303;4330499;4399103;4399199;4647801;4651601;4652400;4752100;5223100;7490199;7810800;8011101;8020002;8111700;8121400,MANAUS,AM,"500000,00",01,PALAVRA_CHAVE_GR
11647978000166,OREGON MONITORAMENTO DE SISTEMAS DE SEGURANCA LTDA,OREGON SECURITY,MATRIZ,ATIVA,8020001,2542000;4742300;4759899;8299703;9512600;9529102,BRASILIA,DF,"95400,00",01,PALAVRA_CHAVE_GR
13775809000137,ATIVO SERVICOS 24 HORAS DE MONITORAMENTO LTDA,ATIVO SERVICOS 24 HORAS,MATRIZ,ATIVA,7319002,5229002;6821801;7020400;7711000;8020001;8219999,SALVADOR,BA,"99800,00",01,PALAVRA_CHAVE_GR
17481725000141,AUTOMOTIVE PROTECAO VEICULAR LTDA,ASSOCIACAO DE PROTECAO VEICULAR,MATRIZ,ATIVA,8020001,7711000,SALVADOR,BA,"100000,00",01,CNAE_CARGA_TRANSPORTE
12983582000152,INVIOLAVEL MANAUS COMERCIO DE EQUIPAMENTOS ELETRONICOS E SERVICOS DE MONITORAMENTO LTDA,INVIOLAVEL,MATRIZ,ATIVA,8020001,3313999;4321500;4742300;4751201;4752100;4754703;4757100;4789007;6209100;6311900;7739099;8220200;8599603;9001906;9511800;9521500,MANAUS,AM,"60000,00",01,PALAVRA_CHAVE_GR
18520617000101,I2 ASSESSORIA E MONITORAMENTO LTDA,I2 ASSESSORIA & MONITORAMENTO,MATRIZ,ATIVA,8020001,4520005;5223100;5229002;8030700,SALVADOR,BA,"10000,00",01,PALAVRA_CHAVE_GR
22427060000128,LEONE C. MASCARENHAS,LOGAR - RASTREAMENTO VEICULAR COM TELEMETRIA,MATRIZ,ATIVA,8020001,1813001;5229002;8020002,FEIRA DE SANTANA,BA,"50000,00",01,PALAVRA_CHAVE_GR
22437622000114,PROTEK COMERCIO E RASTREAMENTO LTDA,GRUPO ADVANCE,MATRIZ,ATIVA,8020001,4120400;4330499;5819100;6201501;6209100;6619302;6821802;7311400;7319002;8011101;8599604;9511800,BRASILIA,DF,"94500,00",01,PALAVRA_CHAVE_GR
23019119000101,WEU TRANSPORTE LTDA,GRUPO WEU SOLUCOES INTEGRADAS,MATRIZ,ATIVA,4923002,4321500;4329199;4618402;4618499;4619200;4929901;4929902;4929904;4930201;5229099;5250804;6822600;7711000;7739099;7912100;7990200;8020001;8020002;8111700;9521500,SALVADOR,BA,"156000,00",01,CNAE_CARGA_TRANSPORTE
23262346000163,LAERCIO CASTRO DE OLIVEIRA,FAST MONITORAMENTO E RASTREAMENTO VEICULAR,MATRIZ,ATIVA,8020001,4530703;4752100;5320202,MANAUS,AM,"30000,00",01,PALAVRA_CHAVE_GR
20498298000119,TRACK LOCK TECNOLOGIA DE RASTREAMENTO LTDA,TRACK LOCK,MATRIZ,ATIVA,8020001,4530703;4530706,BRASILIA,DF,"600000,00",05,PALAVRA_CHAVE_GR
19682987000108,VEGA RASTREAMENTO LTDA,VEGA RASTREAMENTO,MATRIZ,ATIVA,8020001,1830003;4321500;4751201;7739099;8111700;8121400;8129000;8130300;9511800,MANAUS,AM,"1000000,00",03,PALAVRA_CHAVE_GR
08158284000150,ALENCAR VEICULOS TRANSPORTE E CORRETAGEM DE SEGUROS AUTOMOTIVOS LTDA,SANTA FE VEICULOS MULTIMARCAS,MATRIZ,ATIVA,7711000,4211101;4321500;4511102;4520003;4520005;4520007;4530701;4530703;4541203;4541204;4541206;4649401;4649402;4752100;4753900;4757100;4763605;4789005;4923002;4924800;4929901;4930201;4930202;4930204;5021101;5022001;5091201;5229002;6190699;6201501;6202300;6203100;6204000;6311900;6622300;7719501;7719599;7731400;7732201;7739099;8011101;8020001;8020002;8121400;8129000;8211300;9512600,SAO LUIS,MA,"1800000,00",01,CNAE_CARGA_TRANSPORTE
20039660000193,MAX RASTREAMENTO LTDA,,MATRIZ,ATIVA,8020001,4520007;4530703;4530704,JOAO PESSOA,PB,"1500,00",03,PALAVRA_CHAVE_GR
10397058000255,ATUALIZA TRANSPORTES RODOVIARIO DE CARGAS LTDA,,FILIAL,ATIVA,4711302,3811400;4120400;4213800;4313400;4329104;4330402;4330499;4511102;4520005;4530701;4530703;4541204;4541206;4615000;4619200;4623106;4633801;4637102;4637199;4644302;4645101;4645102;4645103;4646001;4663000;4669999;4673700;4674500;4686902;4687701;4722901;4723700;4732600;4741500;4742300;4744001;4744002;4751201;4753900;4757100;4763602;4763603;4771703;4772500;4781400;4782201;4782202;4783101;4783102;4789004;4789005;4789099;4921301;4923002;4930201;4930202;5212500;5223100;5611201;5611205;7112000;7311400;7312200;7711000;7911200;7912100;8020001;8121400;8211300;9319101;9329801,MANAUS,AM,"108000,00",01,CNAE_CARGA_TRANSPORTE
13259217000162,GTSAT NACIONAL RASTREAMENTO E LOCACAO LTDA,GT SAT NACIONAL RASTREAMENTO E LOCACAO,MATRIZ,ATIVA,4520007,4511102;4530703;7711000,SALVADOR,BA,"100000,00",01,PALAVRA_CHAVE_GR
26037007000171,PHOENIX COMERCIO E DISTRIBUIDOR DE EQUIPAMENTOS AUDIO E VIDEO E SEGURANCA PATRIMONIAL E RASTREAMENTO DE VEICULOS LTDA,GR SEGURANCA ELETRONICA,MATRIZ,ATIVA,4753900,4321500;4619200;4649401;4649499;4651602;4652400;4742300;4751201;4754703;4757100;4789099;5611203;5620101;5620104;6209100;8011101;8020001;9512600;9521500,MANAUS,AM,"150000,00",01,PALAVRA_CHAVE_GR
27698427000161,LOKSAT RASTREAMENTO E MONITORAMENTO LTDA,LOKSAT RASTREAMENTO,MATRIZ,ATIVA,8020001,8299799,ARACAJU,SE,"10000,00",01,PALAVRA_CHAVE_GR
26430919000109,D XAVIER DE BRITO SERVICOS LTDA,EBENEZER RASTREAMENTO,MATRIZ,ATIVA,8020001,8020002,FEIRA DE SANTANA,BA,"100000,00",01,PALAVRA_CHAVE_GR
28506243000115,B N PEREIRA DE SOUZA,BUSCAR RASTREAMENTO,MATRIZ,ATIVA,8020001,8230001,NATAL,RN,"20000,00",01,PALAVRA_CHAVE_GR
29693031000157,EXTREMA SEGURANCA E RASTREAMENTO LTDA,,MATRIZ,ATIVA,8020001,3313999;4321500;4322303;4742300;4752100;4753900;4759899;6190699;8020002;8030700;8111700;8599603;9511800,MANAUS,AM,"100000,00",01,PALAVRA_CHAVE_GR
30743919000136,PRIME CAR MONITORAMENTO E INSTALACAO DE RASTREADORES LTDA,F5 RASTREAMENTO VEICULAR,MATRIZ,ATIVA,8020001,4520007,SALVADOR,BA,"5000,00",01,PALAVRA_CHAVE_GR
27072217000163,MASTERS SERVICOS DE MONITORAMENTO LIMPEZA E CONSERVACAO LTDA,MASTERS SERVICOS,MATRIZ,ATIVA,8020001,4752100;7810800;8111700;8121400;9512600,BELEM,PA,"93700,00",01,PALAVRA_CHAVE_GR
31265749000194,FOXBRAVO SERVICOS DE MONITORAMENTO DE SISTEMA ELETRONICO LTDA,FOXBRAVO,MATRIZ,ATIVA,8020001,4321500;7739099,JOAO PESSOA,PB,"200000,00",01,PALAVRA_CHAVE_GR
33851406000137,LG SERVICOS DE RASTREADOR VEICULAR LTDA,PROTECAO VEICULAR PARAIBANA,MATRIZ,ATIVA,4520007,8020001,JOAO PESSOA,PB,"20000,00",01,PALAVRA_CHAVE_GR
34281249000134,VIRGINIO MONITORAMENTOS E SERVICOS LTDA,PROTECTION MONITORAMENTO E SERVICOS,MATRIZ,ATIVA,8020001,8111700;8121400,JOAO PESSOA,PB,"20000,00",01,PALAVRA_CHAVE_GR
34666996000190,BORGESSAT RASTREAMENTO VEICULAR LTDA,,MATRIZ,ATIVA,8020002,7729202;7729299,JOAO PESSOA,PB,"1000,00",01,PALAVRA_CHAVE_GR
35283792000133,GODINHO MONITORAMENTO DE SISTEMAS DE SEGURANCA ELETRONICO LTDA,TAG RASTREAMENTO & MONITORAMENTO,MATRIZ,ATIVA,8020001,,BELEM,PA,"10000,00",01,PALAVRA_CHAVE_GR
35675463000138,VERA CRUZ CONSULTORIA E PESQUISAS S/A,VERA CRUZ MONITORAMENTO E PESQUISA,MATRIZ,ATIVA,7020400,4530701;4530702;4530703;4619200;4663000;4672900;4681805;4732600;6202300;6462000;6463800;7119702;7120100;7210000;7490104,BRASILIA,DF,"1000000,00",05,PALAVRA_CHAVE_GR
36160766000180,LIKE RASTREADORES E MONITORAMENTO DE SISTEMAS LTDA,LIKE SOLUTIONS,MATRIZ,ATIVA,8020001,3312102;4321500;4322301;4322302;4322303;4330404;4614100;5320202;6319400;7420001;7711000;7733100;7810800;8211300;8219901;8219999;8299799,MANAUS,AM,"103900,00",01,PALAVRA_CHAVE_GR
36412733000180,MESEG MONITORAMENTO DE SISTEMA DE SEGURANCA LTDA,MESEG,MATRIZ,ATIVA,8020001,5320201;8020002,SALVADOR,BA,"106000,00",01,PALAVRA_CHAVE_GR
36470393000144,CASSIA CAMPOS DE CASTRO 84430249334,PRATSERV RASTREAMENTO,MATRIZ,ATIVA,4520007,,FEIRA DE SANTANA,BA,"5000,00",01,PALAVRA_CHAVE_GR
33955806000192,VIRTUAL SERVICE MONITORAMENTO E TECNOLOGIA LTDA,,MATRIZ,ATIVA,8011101,4618499;4651601;4651602;4751201;4752100;4759899;4789007;4789099;7733100;7739099;8020001;8020002;8111700;8211300;8599604,VITORIA,ES,"209000,00",01,PALAVRA_CHAVE_GR
37127012000191,EXITO XT CAPITAL CONSULTORIA E CORRETORA DE SEGUROS LTDA,EXITO XT CAPITAL GESTAO DE RISCOS E INVESTIMENTOS,MATRIZ,ATIVA,6622300,6629100;7020400,BRASILIA,DF,"10000,00",01,PALAVRA_CHAVE_GR
37450862000126,RC MONITORAMENTOS LTDA,RASTREIO ONLINE,MATRIZ,ATIVA,8020001,,SAO LUIS,MA,"30000,00",01,PALAVRA_CHAVE_GR
39354573000159,CENTRAL CAR COM. E IMPORTACAO DE REASTREADORES E ACESSORIOS LTDA,CENTRAL CAR RASTREADORES E ACESSORIOS,MATRIZ,ATIVA,8011101,4321500;4520001;4520003;4520007;4530703;4752100;8020001,BRASILIA,DF,"10000,00",01,PALAVRA_CHAVE_GR
39638852000144,VR SEGURANCA LTDA,VR SEGURANCA E MONITORAMENTO,MATRIZ,ATIVA,8211300,4789099;8020001;8020002;8230001,MANAUS,AM,"100000,00",01,PALAVRA_CHAVE_GR
40129786000166,BRENO HENRIQUE ANDRADE PINTO LTDA,MASTER SERVICOS DE RASTREAMENTO E LOCACOES,MATRIZ,ATIVA,8020001,4763605;5590699;7719501;7721700;7729202;7733100;8020002;8230001;9521500,MANAUS,AM,"104500,00",01,PALAVRA_CHAVE_GR
41802812000138,FRANCILENE DA CONCEICAO COSTA ARAUJO LTDA,QAP RASTREAMENTO,MATRIZ,ATIVA,4530703,4321500;4742300;4757100;9521500,TERESINA,PI,"50000,00",01,PALAVRA_CHAVE_GR
41198663000140,NATAL SAT MONITORAMENTO LTDA,NATAL SAT MONITORAMENTO LTDA,MATRIZ,ATIVA,8020001,4321500,NATAL,RN,"40000,00",01,PALAVRA_CHAVE_GR
42172717000160,AUTO TRACKER RASTREAMENTO AUTOMOTIVO LTDA,AUTO TRACKER RASTREAMENTO AUTOMOTIVO,MATRIZ,ATIVA,4520007,4321500;4530703;4751201;8020001;8020002,SAO LUIS,MA,"950000,00",01,PALAVRA_CHAVE_GR
42241681000120,A. LIMA DOS SANTOS LTDA,WS RASTREADORES,MATRIZ,ATIVA,8020001,3329599,MANAUS,AM,"100000,00",01,PALAVRA_CHAVE_GR
42296819000198,G4 MONITORAMENTO ELETRONICO LTDA,G4 MONITORAMENTO ELETRONICO,MATRIZ,ATIVA,8020001,4321500;4751201;4789099;5320201;5320202;8121400;8129000;8219999,BRASILIA,DF,"100000,00",01,PALAVRA_CHAVE_GR
15207849000299,C. N TRANSPORTES E SERVICOS LTDA,V & R TRANSPORTES E SERVICOS,FILIAL,ATIVA,4930202,4120400;4313400;4322303;4330499;4399101;4520001;4520002;4520003;4520004;4520005;4520006;4520007;4520008;4530703;4530704;4530705;4930204;5212500;5250804;6190699;7711000;8020001;8599604,NATAL,RN,"99800,00",01,CNAE_CARGA_TRANSPORTE
42822317000153,WS ATIVIDADES DE MONITORAMENTO DE SEGURANCA ELETRONICO LTDA,WS SEGURANCA ELETRONICA,MATRIZ,ATIVA,8020001,4321500;4322302;4322303;4330499;4615000;4687703;4753900;4759899;6190699;6209100;8111700;9521500,MANAUS,AM,"250000,00",03,PALAVRA_CHAVE_GR
43036065000108,WORKTRACK RASTREAMENTO E ASSISTENCIA 24 HORAS LTDA,WORKTRACK RASTREAMENTO E ASSISTENCIA 24 HORAS,MATRIZ,ATIVA,8020001,4520007;7711000,JOAO PESSOA,PB,"30000,00",03,PALAVRA_CHAVE_GR
32813729000173,CONEXAO SAT ATIVIDADES DE MONITORAMENTO DE SISTEMAS DE SEGURANCA ELETRONICO LTDA,W A DA SILVA SERVICOS,MATRIZ,ATIVA,4520007,8020001,MANAUS,AM,"12000,00",01,PALAVRA_CHAVE_GR
37276396000104,M. M. DA ROCHA LTDA,J M RASTREAMENTO VEICULAR,MATRIZ,ATIVA,4520007,2950600;4520003,MANAUS,AM,"100000,00",01,PALAVRA_CHAVE_GR
39415175000103,"M S DE ARAUJO SERVICOS EM SEGURANCA, LIMPEZA E ALUGUEL DE VEICULOS LTDA",MS RASTREAMENTO VEICULAR,MATRIZ,ATIVA,7711000,3314707;3314710;4211102;4322302;4330404;4330499;4399103;4723700;4923002;5620102;8011101;8020001;8111700;8121400;8129000;8130300;8630502;8630503;8650003,MANAUS,AM,"3500000,00",05,PALAVRA_CHAVE_GR
41309773000131,41.309.773 CAMILA SANTOS BARROS REZENDE,PRESENCA SERVICOS E MONITORAMENTO,MATRIZ,ATIVA,9521500,3312102;4751201;8020001,JOAO PESSOA,PB,"7000,00",01,PALAVRA_CHAVE_GR
43914283000190,MAPS RASTREAMENTO VEICULAR LTDA,MAPS RASTREAMENTO VEICULAR,MATRIZ,ATIVA,8020001,,NATAL,RN,"10000,00",01,PALAVRA_CHAVE_GR
44668946000104,C M S CAMELO MONITORAMENTO DE SISTEMA DE SEGURANCA,CENTRAL ALARME,MATRIZ,ATIVA,8020001,3314702;3314706;3314710;4321500;4322301;4520001;4649401;4649402;4651601;4669999;4742300;4751201;4752100;4753900;5229002;7119701;7319002;7732201;7733100;7739099;8111700;8121400;8129000,SAO LUIS,MA,"300000,00",01,PALAVRA_CHAVE_GR
44800424000106,SELECT AUTOCLUB ASSOCIACAO DE PROTECAO VEICULAR,SELECT AUTOCLUB,MATRIZ,ATIVA,8020001,,JOAO PESSOA,PB,"0,00",05,CNAE_CARGA_TRANSPORTE
44854704000105,AZEVEDO RASTREAMENTO LTDA,AZEVEDO RASTREAMENTO LTDA,MATRIZ,ATIVA,8020001,4520007;4530703,TERESINA,PI,"20000,00",01,PALAVRA_CHAVE_GR
45250048000196,ARJS - MONITORAMENTO ASSESSORIA E EVENTOS LTDA,ARJS - ASSESSORIA,MATRIZ,ATIVA,8020001,7319002;7319003;7319004;7410202;7733100;8129000;8211300,BRASILIA,DF,"100000,00",01,PALAVRA_CHAVE_GR
46486769000162,M. DOS SANTOS RIBEIRO LTDA,MARINHO RASTREAMENTO,MATRIZ,ATIVA,4520007,4752100;8011101;8020001,MANAUS,AM,"300000,00",01,PALAVRA_CHAVE_GR
47288307000101,LF RASTREAMENTO VEICULAR LTDA,TKS RASTREAMENTO,MATRIZ,ATIVA,9499500,9430800;9493600,MANAUS,AM,"20000,00",01,PALAVRA_CHAVE_GR
47757333000123,E C DOS SANTOS,FALCAO DOURADO MONITORAMENTO,MATRIZ,ATIVA,8020001,4759899,FEIRA DE SANTANA,BA,"30000,00",01,PALAVRA_CHAVE_GR
27953432000254,N N LIMA PIMENTEL,RAVENA RASTREAMENTO BEL,FILIAL,ATIVA,8020001,,BELEM,PA,"60000,00",01,PALAVRA_CHAVE_GR
49385655000114,MARQUES E PLINIO LANTERNAGEM E PINTURA LTDA,TIRA RISCO,MATRIZ,ATIVA,4520002,4511101;4511102;4512902;4541203;4541204;4542102,BRASILIA,DF,"100000,00",01,PALAVRA_CHAVE_GR
50341612000116,RR TRANSPORTES E SERVICOS LTDA,RR TRANSPORTES,MATRIZ,ATIVA,7911200,4120400;4322302;4512901;4530706;4923002;5320201;5320202;7711000;7729202;8011101;8020001;8111700;8121400;8129000;8412400,BRASILIA,DF,"200000,00",01,CNAE_CARGA_TRANSPORTE
50217821000152,JRN - TRANSPORTES E CONSTRUCOES LTDA,J R N SOLUCOES E CONSULTORIA,MATRIZ,ATIVA,4639701,1412601;2330302;3313901;3812200;4120400;4213800;4221903;4221904;4221905;4222701;4222702;4223500;4292801;4292802;4299501;4299599;4311801;4311802;4312600;4313400;4321500;4322301;4322302;4322303;4329101;4330401;4330402;4330403;4330404;4330405;4330499;4391600;4399101;4399103;4399105;4614100;4616800;4639702;4644301;4647801;4649404;4649409;4673700;4679699;4742300;4744099;4753900;4754701;4755501;4756300;4763601;4763602;4772500;4789007;4923002;4924800;4930201;4930204;5012201;5022001;5022002;5212500;5223100;5240199;5620101;5620102;5620103;6209100;7020400;7311400;7420001;7711000;7719501;7719599;7721700;7729202;7729203;7731400;7732201;7732202;7733100;7739003;7739099;7820500;7830200;8020001;8121400;8129000;8130300;8211300;8220200;8230001;8599604;9001906;9329899;9512600,MANAUS,AM,"1000000,00",01,CNAE_CARGA_TRANSPORTE
53972811000110,TIME VISION MONITORAMENTO LTDA,TIME VISION MONITORAMENTO,MATRIZ,ATIVA,8020001,4321500;4751201;8011101,BELEM,PA,"30000,00",01,PALAVRA_CHAVE_GR
54325752000151,ISADORA HELENA MOURA BARROS,CONECT RASTREAMENTO,MATRIZ,ATIVA,8020001,4329101;5911102;5911199;6391700;7312200;7319001;7319002;7319003;7319004;7319099;7420001;7490104;7490105;7711000;7739003;7739099;8230001;8291100;8541400;8599604;8599699;9001901;9001902;9001905;9001906;9001999;9003500;9319101,TERESINA,PI,"50000,00",01,PALAVRA_CHAVE_GR
54843810000139,DELTA SEGURANCA E MONITORAMENTO LTDA,DELTA SEGURANCA,MATRIZ,ATIVA,8011101,8020001;8020002;8111700;8211300;8299799,BRASILIA,DF,"200000,00",01,PALAVRA_CHAVE_GR
55456087000106,POSIGO RASTREAMENTO VEICULAR LTDA,POSIGO RASTREAMENTO VEICULAR,MATRIZ,ATIVA,8020001,,SALVADOR,BA,"50000,00",03,PALAVRA_CHAVE_GR
56136737000190,MASTERSEG MONITORAMENTO LIMPEZA E CONSERVACAO LTDA,MASTERSEG,MATRIZ,ATIVA,8020001,4751201;4752100;7739099;8111700;8121400;9512600,BELEM,PA,"50000,00",01,PALAVRA_CHAVE_GR
56419222000106,JEAN G GONCALVES COMERCIO E SERVICOS LTDA,ZERO RISCO,MATRIZ,ATIVA,4530703,4520001;4520002;4520003;4520004;4520005;4520006;4520007;4530705;4732600,SAO LUIS,MA,"10000,00",01,PALAVRA_CHAVE_GR
57054312000103,CHAVES & CARVALHO TRANSPORTES LTDA,CHAVES & CARVALHO TRANSPORTES,MATRIZ,ATIVA,4930201,4120400;4211101;4212000;4930202;5212500;7711000;7739099;8020001,TERESINA,PI,"200000,00",01,CNAE_CARGA_TRANSPORTE
57717531000117,ARAUJO GERENCIADORA DE COBRANCA LTDA,ARAUJO GERENCIADORA DE COBRANCA,MATRIZ,ATIVA,8291100,8599604,SAO LUIS,MA,"10000,00",01,PALAVRA_CHAVE_GR
58746087000120,WANDERLEY RASTREADORES SERVICOS AUTOMOTIVOS LTDA,WANDERLEY RASTREADORES,MATRIZ,ATIVA,4520007,4520001;4520002;4520003,BRASILIA,DF,"20000,00",01,PALAVRA_CHAVE_GR
50351013000183,"DG SEGURANCA, TRANSPORTE E COMERCIO DE GASES LTDA",,MATRIZ,ATIVA,8111700,2014200;3702900;4292801;4321500;4322301;4322302;4322303;4329103;4329105;4330404;4330405;4399102;4633801;4684299;4724500;4923002;4930201;4930202;4930203;4930204;5611203;5620101;5620102;7711000;7810800;8020001;8020002;8121400;8129000,MANAUS,AM,"100000,00",01,CNAE_CARGA_TRANSPORTE
59520831000137,BEST TRACK RASTREAMENTO LTDA,BEST TRACK,MATRIZ,ATIVA,8020001,,MANAUS,AM,"80000,00",03,PALAVRA_CHAVE_GR
59748528000196,AMORIM TRACK RASTREAMENTO VEICULAR LTDA,AMORIM TRACK RASTREAMENTO VEICULAR,MATRIZ,ATIVA,8020001,3329599;4520007;5229002;7711000;8211300,TERESINA,PI,"200000,00",01,PALAVRA_CHAVE_GR
60004791000150,PROTEGE MAIS SOLUCOES EM RASTREAMENTO LTDA,PROTEGE MAIS SOLUCOES EM RASTREAMENTO,MATRIZ,ATIVA,8020001,4321500;6204000;6311900;7319002;7319003;9512600,MANAUS,AM,"300000,00",03,PALAVRA_CHAVE_GR
60475292000140,CONCEPT MONITORAMENTO E BPO LTDA,CONCEPT BPO,MATRIZ,ATIVA,8020001,1830003;6630400;8211300;8599603;9511800,BRASILIA,DF,"30000,00",01,PALAVRA_CHAVE_GR
56040175000187,MARIA ALVANEIDE DE SOUSA LTDA,A2M RASTREAMENTO E GESTAO DE FROTAS,MATRIZ,ATIVA,8020001,4530706;6203100;6311900;6319400;7020400;7319004;7490104;7740300;8211300;8599604,JOAO PESSOA,PB,"20000,00",01,PALAVRA_CHAVE_GR
61866049000116,PBSAT RASTREAMENTO LTDA,,MATRIZ,ATIVA,4520007,8020001,JOAO PESSOA,PB,"20000,00",03,PALAVRA_CHAVE_GR
49697367000103,MOTOTRIXX RASTREAMENTO LTDA,MOTOTRIXX RASTREAMENTO,MATRIZ,ATIVA,4520007,,SALVADOR,BA,"400000,00",03,PALAVRA_CHAVE_GR
62342703000155,TKS RASTREAMENTO E MONITORAMENTO VEICULAR LTDA,TKS RASTREAMENTO,MATRIZ,ATIVA,8020001,4321500;4757100;5229002,MANAUS,AM,"20000,00",03,PALAVRA_CHAVE_GR
64693533000189,SNIPER REBOQUE VEICULAR LTDA,SNIPER REBOQUE VEICULAR,MATRIZ,ATIVA,5229002,8020001,TERESINA,PI,"50000,00",01,CNAE_CARGA_TRANSPORTE
66063130000181,INSIGNA ESTRATEGIA & MONITORAMENTO LTDA,INSIGNA ESTRATEGIA & MONITORAMENTO,MATRIZ,ATIVA,8599604,6209100;8599699,ARACAJU,SE,"50000,00",01,PALAVRA_CHAVE_GR
66273974000157,GUARDION DRIVER SERVICOS DE RASTREAMENTOS DE VEICULOS LTDA,,MATRIZ,ATIVA,4923002,6202300;6209100;7020400;7319004;7490104;7711000;8020001,MANAUS,AM,"80000,00",01,PALAVRA_CHAVE_GR
67979170000130,QUERUBIM RASTREAMENTO VEICULAR LTDA,QUERUBIM RASTREAMENTO VEICULAR,MATRIZ,ATIVA,4520007,4321500;8211300;9521500,MANAUS,AM,"100000,00",01,PALAVRA_CHAVE_GR
00536997000107,JACKTRACKER GEOPROCESSAMENTO LTDA,JACKTRACKER RASTREADORES,MATRIZ,ATIVA,8020001,6190699,VITORIA,ES,"0,00",01,PALAVRA_CHAVE_GR
02559145000152,TECHFACE SERVICOS DE MONITORAMENTO LTDA,TECHFACE,MATRIZ,ATIVA,8020001,3319800;4321500;6204000;6209100;6311900;7733100;7739099;7820500;9511800;9521500,SALVADOR,BA,"1000000,00",05,PALAVRA_CHAVE_GR
07241274000111,MARCIO PEREIRA DA COSTA,PARK SAT RASTREAMENTO/ PKS LOCACOES/ PKS REBOQUE,MATRIZ,ATIVA,8020001,4530703;4759899;4923001;5229002;7319002;7711000;9511800;9512600,TERESINA,PI,"100000,00",01,PALAVRA_CHAVE_GR
11460595000184,PAULO RODRIGUES DE ARAUJO LTDA,BRASTECHY VEICULAR,MATRIZ,ATIVA,8020001,,BRASILIA,DF,"10000,00",01,CNAE_CARGA_TRANSPORTE
13055027000123,ACAO SAT RASTREAMENTO E MONITORAMENTO DE VEICULOS LTDA,ACAO SAT RASTREAMENTO E MONITORAMENTO DE VEICULOS,MATRIZ,ATIVA,8020001,4520007;4530703;4530706;6311900;7490104;9521500,SALVADOR,BA,"500000,00",03,PALAVRA_CHAVE_GR
14675731000141,HOSANA GONCALVES DA SILVA,W H VARIEDADES DE RADIO COMUNICACAO E MONITORAMENTO,MATRIZ,ATIVA,4752100,3313999;3314706;3321000;4221904;4221905;4329102;4329104;4712100;4742300;4744001;4744003;4744099;4755502;4755503;4761003;4763601;4772500;4789001;4789099;6110803;6120502;6120599;6190601;6190602;6190699;6209100;7719501;7739099;8020001;9511800;9512600,MANAUS,AM,"100000,00",03,PALAVRA_CHAVE_GR
16559392000163,ALVOS MONITORAMENTO E SOLUCOES DE TECNOLOGIA LTDA,ALVOS MONITORAMENTO,MATRIZ,ATIVA,8211300,6190699;7319002;8020001;8020002,FEIRA DE SANTANA,BA,"10000,00",01,PALAVRA_CHAVE_GR
16619677000142,SIGA EM PAZ - CENTRAL DE RASTREAMENTO LTDA,SIGA EM PAZ RASTREAMENTO,MATRIZ,ATIVA,8020001,6209100,ARACAJU,SE,"100000,00",01,PALAVRA_CHAVE_GR
13026636000154,NILZO LEONARDO SOARES DE SOUSA GOMES,LIDER CAR RASTREAMENTO VEICULAR,MATRIZ,ATIVA,4753900,4530703,BRASILIA,DF,"20000,00",01,PALAVRA_CHAVE_GR
20938720000100,FABIANO NASCIMENTO CHMURZYNSKI,FOCUS - SEGURANCA E MONITORAMENTO,MATRIZ,ATIVA,4744099,1622699;1813001;2330399;2511000;2512800;2539001;2542000;2599301;2599302;2599399;3101200;4120400;4213800;4221903;4221904;4222701;4222702;4292801;4313400;4321500;4322301;4322302;4329199;4330401;4330402;4330403;4330404;4330405;4330499;4391600;4399101;4399102;4399103;4399105;4399199;4530703;4741500;4742300;4743100;4744001;4744002;4744003;4744006;4751201;4753900;4754701;4757100;4759801;4759899;4761003;4789002;4924800;7111100;7112000;7119703;7119799;7319099;7733100;8111700;8121400;8130300;8211300;8219999;8230001;8230002;9329899;9511800;9529102,BRASILIA,DF,"100000,00",01,PALAVRA_CHAVE_GR
21672816000131,NC SECURITY TECH LTDA,N. C. SEGURANCA ELETRONICA E MONITORAMENTO,MATRIZ,ATIVA,4752100,4321500;7739099;7820500;8020001,ARACAJU,SE,"350000,00",03,PALAVRA_CHAVE_GR
21684920000146,SATELITE BR RASTREAMENTO E MONITORAMENTO LTDA,SATELITE BR,MATRIZ,ATIVA,6190699,8020001,VITORIA,ES,"1000000,00",05,PALAVRA_CHAVE_GR
21858017000154,SPIAS SAT RASTREAMENTO DE VEICULOS 24 HORAS LTDA,SPIAS SAT RASTREAMENTO DE VEICULOS 24 HORAS,MATRIZ,ATIVA,4520007,,BRASILIA,DF,"150000,00",01,PALAVRA_CHAVE_GR
21896661000117,RACHEL LOUISE BURLAMAQUI DE OLIVEIRA,RS RASTREADORES - RASTREAMENTO DE VEICULOS,MATRIZ,ATIVA,8020001,4520003;4520007;4530703;8020002,MANAUS,AM,"12000,00",01,PALAVRA_CHAVE_GR
22559772000109,GPSKA RASTREAMENTO 24H LTDA,KASTIEL ACESSORIOS,MATRIZ,ATIVA,8020001,,BELEM,PA,"10000,00",01,PALAVRA_CHAVE_GR
24175600000159,W S G DA SILVA,WEB RASTREAMENTO E LOCACAO DE VEICULOS,MATRIZ,ATIVA,7711000,4930202;5250803;7719599;8020001,MANAUS,AM,"30000,00",01,PALAVRA_CHAVE_GR
17304975000106,CARRILHO COMERCIO DE SUPRIMENTOS DE INFORMATICA LTDA,SERVICE STORE TECNOLOGIA E MONITORAMENTO,MATRIZ,ATIVA,4751201,4322301;4330404;4330499;4619200;6190699;6209100;8020001;8129000;8130300;8299707,MANAUS,AM,"100000,00",01,PALAVRA_CHAVE_GR
23708297000140,F L MONITORAMENTO VIA SATELITE LTDA,VIA 84 RASTREAMENTO,MATRIZ,ATIVA,8020001,4321500;4759899;6190699,NATAL,RN,"100000,00",03,PALAVRA_CHAVE_GR
16608292000180,RASTREAMENTO BSB TECNOLOGIA E LOCACOES LTDA,RASTREAMENTO BSB,MATRIZ,ATIVA,4321500,6201501;6462000;7711000;7719599;7733100;9511800,BRASILIA,DF,"182500,00",01,PALAVRA_CHAVE_GR
20353465000133,RAIMUNDO NUNES DE MOURA,"GI SERVICOS, CONSULTORIA E TRANSPORTE",MATRIZ,ATIVA,8599604,3811400;4930201;4930202;5211701;5212500;5250803;5320202;7739099;7810800;8020001;8111700;8121400;8129000;8211300;8299799,MANAUS,AM,"100000,00",01,CNAE_CARGA_TRANSPORTE
15364759000120,E DE S MOURA LOCACAO VEICULAR E TRANSPORTES LTDA,ESM LOCACAO E TRANSPORTES,MATRIZ,ATIVA,7711000,3314711;3314712;3314716;3314717;3317101;4520001;4520002;4520003;4520004;4520005;4520007;4530701;4530702;4530703;4530705;4530706;4541206;4543900;4619200;4662100;4923002;4924800;4930201;4930202;4930204;5021101;5022001;5091201;5229002;6190699;7719501;7719599;7731400;7732201;7739099;8020001;8020002,SAO LUIS,MA,"500000,00",01,CNAE_CARGA_TRANSPORTE
13413800000186,VITAL SERVICOS E TRANSPORTES TERCEIRIZADOS LTDA,VITAL SERVICOS E TRANSPORTES TERCEIRIZADOS LTDA,MATRIZ,ATIVA,8121400,4120400;4321500;4322302;4330404;4330499;4520001;4520006;4923001;4923002;4930201;4930203;7711000;7810800;8020001;8111700;8129000,SALVADOR,BA,"700000,00",01,CNAE_CARGA_TRANSPORTE
19380191000192,BRASEIRO SATELITE OFICIAL RESTAURANTE E RASTREAMENTO LTDA,BRASEIRO SATELITE OFICIAL,MATRIZ,ATIVA,5611201,4321500;4723700;4751201;4761001;5611203;5620104;6190601;8020001,MANAUS,AM,"20000,00",03,PALAVRA_CHAVE_GR
20111087000181,I. DE SOUZA PEREIRA LTDA,ATLAS RASTREAMENTO,MATRIZ,ATIVA,8020001,4520007,MANAUS,AM,"200000,00",05,PALAVRA_CHAVE_GR
26777264000140,OPTIMUS SAT SERVICOS DE RASTREAMENTO E GUINCHO LTDA,OPTIMUS SAT,MATRIZ,ATIVA,5229002,8020001;8219999,SALVADOR,BA,"20000,00",01,PALAVRA_CHAVE_GR
27793120000140,NOVA MONITORAMENTO E SERVICOS GERAIS LTDA,,MATRIZ,ATIVA,8020001,8121400;8129000;8130300;8211300,BRASILIA,DF,"10000,00",01,PALAVRA_CHAVE_GR
30733039000189,SOLAR SEGURANCA E SERVICOS DE MONITORAMENTO LTDA,SOLAR SISTEMAS DE SEGURANCA E SERVICOS,MATRIZ,ATIVA,8020001,4321500;8111700;8121400,BELEM,PA,"100000,00",01,PALAVRA_CHAVE_GR
31367575000170,IVONETE DA SILVA,IB RASTREAMENTO,MATRIZ,ATIVA,8020001,4330402;4520001;4721103;4729601;4729699;4732600;4772500;9512600,MANAUS,AM,"50000,00",01,PALAVRA_CHAVE_GR
31566965000170,EDGAR M.L. GOMES LTDA,HD RASTREAMENTO DE VEICULOS,MATRIZ,ATIVA,8020001,4520007;4530703;5229002;6810202;9529102,BELEM,PA,"10000,00",01,PALAVRA_CHAVE_GR
31667276000151,CMP TECNOLOGIA EM MONITORAMENTO DF LTDA,LINK MONITORAMENTO,MATRIZ,ATIVA,8020001,4752100,BRASILIA,DF,"195000,00",01,PALAVRA_CHAVE_GR
32005110000132,RASTSIGO RASTREAMENTO VEICULAR LTDA,RASTSIGO TECNOLOGIA EM RASTREAMENTO,MATRIZ,ATIVA,8020001,4520007;4641903;4642701;4643502;4647801;4649499;4651601;4651602;4652400;4669999;4672900;4686902;4712100;4713002;4744001;4751201;4751202;4752100;4753900;4755502;4759899;4761003;4763601;4781400;4782202;4789099,MANAUS,AM,"1000000,00",01,PALAVRA_CHAVE_GR
32062402000107,ROTRACK MONITORAMENTO E LOCACOES LTDA,ROTRACK,MATRIZ,ATIVA,8020001,4520005;7711000;7719501,BELEM,PA,"200000,00",01,PALAVRA_CHAVE_GR
32223076000172,BRASATY COMERCIO DE ACESSORIOS E GESTAO VEICULAR LTDA,BRASATY GESTAO VEICULAR,MATRIZ,ATIVA,4530704,4520007;4530703;8020001,BRASILIA,DF,"110000,00",01,CNAE_CARGA_TRANSPORTE
33599142000176,V L R RASTREADORES E ACESSORIOS AUTOMOTIVOS LTDA,VLR acessorios automotivos,MATRIZ,ATIVA,4530703,4520007;8020001,BRASILIA,DF,"20000,00",01,PALAVRA_CHAVE_GR
33901271000177,M J MARTINIANO SEGURANCA LTDA,GUARDIAN MONITORAMENTO,MATRIZ,ATIVA,4759899,4120400;4321500;7739099;7810800;8011101;8020001;8111700,NATAL,RN,"150000,00",01,PALAVRA_CHAVE_GR
34738326000132,ATLAS MONITORAMENTO AVANCADO LTDA,ATLAS TRACKING,MATRIZ,ATIVA,8020001,4751201;7490104;7739099;8219999,NATAL,RN,"1900000,00",01,PALAVRA_CHAVE_GR
35385708000192,EXCEL SERVICE SERVICOS EMPRESARIAIS E MONITORAMENTO LTDA,EXCEL SERVICOS EMPRESARIAIS,MATRIZ,ATIVA,8111700,4649402;8020001;8121400;8299799,MANAUS,AM,"20000,00",01,PALAVRA_CHAVE_GR
36639464000190,PROSPER SERVICOS DE MANUTENCAO E ELETRICA LTDA,PROSPER MONITORAMENTO,MATRIZ,ATIVA,4321500,4120400;4211101;4329104;6204000;6209100;7711000;8121400;8129000,JOAO PESSOA,PB,"110000,00",01,PALAVRA_CHAVE_GR
37802554000112,SANTANA SERVICOS DE TRANSPORTE LTDA,SANTANA SERVICOS E TRANSPORTES,MATRIZ,ATIVA,4930201,1813001;1813099;3701100;3811400;3821100;4321500;4322302;4930202;5223100;5620103;6209100;6821802;6822600;7739099;8011101;8020001;8111700;8121400;8211300;8220200;8599604;9511800,BELEM,PA,"10000,00",01,CNAE_CARGA_TRANSPORTE
40079942000121,PROTRACKER RASTREAMENTO VEICULAR LTDA,PROTRACKER RASTREAMENTO VEICULAR,MATRIZ,ATIVA,8020001,4520007,FEIRA DE SANTANA,BA,"30000,00",01,PALAVRA_CHAVE_GR
30597065000127,PEGASUS RASTREADORES LTDA,PEGASUS RASTREADORES,MATRIZ,ATIVA,4530703,4511102;4520003;4520007;4541204;4751201;5229002;7719599;8020001,MANAUS,AM,"100000,00",03,PALAVRA_CHAVE_GR
41090682000158,MELO & MOURA SERVICOS LTDA,J M RASTREAMENTO,MATRIZ,ATIVA,8020001,4321500;8011101,BELEM,PA,"40000,00",01,PALAVRA_CHAVE_GR
42098110000188,M LOIOLA DE SOUZA,CORPORACAO LOIOLA - LOIOLA RASTREAMENTO,MATRIZ,ATIVA,8020001,,MANAUS,AM,"150000,00",01,PALAVRA_CHAVE_GR
42109068000153,INDICAR RASTREAMENTO LTDA,INDICAR RASTREAMENTO,MATRIZ,ATIVA,8020001,4530703;4530704,MANAUS,AM,"600000,00",03,PALAVRA_CHAVE_GR
42969101000115,SATELITE RASTREAMENTO LTDA,SATELITE RASTREAMENTO,MATRIZ,ATIVA,8020001,4321500;4751201,MANAUS,AM,"100000,00",01,PALAVRA_CHAVE_GR
43798929000110,KAIROS SERVICOS DE MONITORAMENTO EMPRESARIAL LTDA,KAIROS SERVICOS E SOLUCOES,MATRIZ,ATIVA,8111700,4321500;4322301;4322302;4322303;4330402;4330404;4399101;4399103;4744099;4751201;4753900;4923002;7020400;8020001;8121400;8129000;8130300;8610101;8610102,MANAUS,AM,"60000,00",01,PALAVRA_CHAVE_GR
32108587000143,GLSAT RASTREAMENTO LTDA,GLSAT RASTREAMENTO,MATRIZ,ATIVA,4789099,8020001,SAO LUIS,MA,"5000,00",01,PALAVRA_CHAVE_GR
31688046000179,PSR SERVICOS REGIONAIS DE MONITORAMENTO LTDA,PROTEGE SERVICOS REGIONAIS,MATRIZ,ATIVA,8111700,5250804;5250805;8020001,MANAUS,AM,"140000,00",01,PALAVRA_CHAVE_GR
39877440000167,SOUZA RASTREAMENTO VEICULAR LTDA,SOUZA RASTREAMENTO,MATRIZ,ATIVA,8020001,4321500;4511101;4511102;4520005;4520007;4530704;7711000;7719599,MANAUS,AM,"100000,00",01,PALAVRA_CHAVE_GR
32513139000125,MORAES RASTREAMENTO VEICULAR LTDA,MORAES RASTREAMENTO VEICULAR,MATRIZ,ATIVA,8020001,1830003;4321500;4751201;7719599;7739099,MANAUS,AM,"500000,00",03,PALAVRA_CHAVE_GR
46281013000187,VIEIRA SERVICOS E TRANSPORTES LTDA,VIEIRA SERVICOS E TRANSPORTES,MATRIZ,ATIVA,7711000,4520001;4520002;4520004;4520005;4520006;4520007;4530703;4530705;4732600;4923002;4924800;4929902;5229002;7731400;7911200;8020001;8219999,TERESINA,PI,"100000,00",03,CNAE_CARGA_TRANSPORTE
47452877000187,JEFFERSON LUCIO FRANCA DE OLIVEIRA,ULTRON RASTREAMENTO,MATRIZ,ATIVA,8020001,4512901;4520001;4520003;4530706,NATAL,RN,"20000,00",01,PALAVRA_CHAVE_GR
47536634000127,"PIONEIRA DO PLANALTO COMERCIO DE VESTUARIO, CONFECCOES LTDA",RISCO ZERO EPIS,MATRIZ,ATIVA,3292202,,BRASILIA,DF,"5000,00",03,PALAVRA_CHAVE_GR
47642943000181,MCP - SERVICOS DE EDICAO LTDA,"MCP - MONITORAMENTO, COMUNICACAO E POLITICA",MATRIZ,ATIVA,5811500,5812301;5812302;5813100;5819100;7020400;7319002;7490199;8230001,BRASILIA,DF,"10000,00",01,PALAVRA_CHAVE_GR
47772638000104,RASTER GPS RASTREAMENTO E MONITORAMENTO VEICULAR LTDA,RASTREK PA - RASTREAMENTO VEICULAR,MATRIZ,ATIVA,8020001,,BELEM,PA,"1000,00",01,PALAVRA_CHAVE_GR
47853971000148,RASTREIO ONLINE MONITORAMENTOS LTDA,RASTREIO,MATRIZ,ATIVA,8020001,4757100,SAO LUIS,MA,"30000,00",01,PALAVRA_CHAVE_GR
48628982000197,ANALISE RASTREAMENTO LTDA,ANALISE RASTREAMENTO,MATRIZ,ATIVA,8020001,3312102;4321500;6190699;7319002;7490199;7739099,JOAO PESSOA,PB,"50000,00",01,PALAVRA_CHAVE_GR
50029897000154,RASTREMIX RASTREAMENTO E SEGURANCA VEICULAR LTDA,,MATRIZ,ATIVA,8020001,4520007;4530701;4530703;4753900;5229002;6209100;6311900;7739099;8211300;8220200,SAO LUIS,MA,"5000,00",01,PALAVRA_CHAVE_GR
50481443000110,PREMIUM SAT RASTREAMENTO E MONITORAMENTO LTDA,PREMIUM SAT,MATRIZ,ATIVA,8020001,4321500,NATAL,RN,"70000,00",01,PALAVRA_CHAVE_GR
51435320000105,ZERO CAR RASTREAMENTO LTDA,ZERO CAR,MATRIZ,ATIVA,8020001,1813001;4520002;4520005;4520006;4530703;4541206;4541207;4732600;4753900;4759899;5229002;5229099;7711000;7729202,BELEM,PA,"150000,00",01,PALAVRA_CHAVE_GR
51446794000152,M. FIGUEIREDO DE ARAUJO,MANAAIM RASTREAMENTO EXPRESS,MATRIZ,ATIVA,5320202,4930201;4930202;4930204;5320201;7319002,MANAUS,AM,"50000,00",01,PALAVRA_CHAVE_GR
51446794000233,M. FIGUEIREDO DE ARAUJO,MANAAIM RASTREAMENTO EXPRESS FILIAL 1,FILIAL,ATIVA,5320202,4930201;4930204;5320201;7319002,MANAUS,AM,"50000,00",01,PALAVRA_CHAVE_GR
53339159000100,MAGO RASTREAMENTO VEICULAR LTDA,MAGO RASTREAMENTO VEICULAR,MATRIZ,ATIVA,8020001,4751201;4752100;7739099;7740300;8291100,BRASILIA,DF,"250000,00",01,PALAVRA_CHAVE_GR
53382235000151,QUALITY RASTREAMENTO E SERVICO LTDA,QUALITY RASTREAMENTO,MATRIZ,ATIVA,8020001,4751201;4759899;9512600,NATAL,RN,"50000,00",01,PALAVRA_CHAVE_GR
53734607000161,JV MONITORAMENTO E SERVICOS LTDA,,MATRIZ,ATIVA,8111700,8020001,NATAL,RN,"10000,00",03,PALAVRA_CHAVE_GR
55709035000196,OKIX MONITORAMENTO AMBIENTAL LTDA,OKIX MONITORAMENTO AMBIENTAL,MATRIZ,ATIVA,7112000,,SAO LUIS,MA,"50000,00",03,PALAVRA_CHAVE_GR
54661155000106,OPERACIONAL LOGISTICA E TRANSPORTES LTDA,OPERACIONAL LOGISTICA E TRANSPORTES,MATRIZ,ATIVA,4930202,3319800;3811400;3821100;4321500;4330404;4530703;4611700;4613300;4616800;4617600;4618499;4649401;4649402;4679699;4691500;4692300;4742300;4751201;4753900;4772500;4911600;4930201;4930203;5011402;5021102;5120000;5211701;5211799;5212500;5229002;5231102;5250803;5250804;5250805;6621501;6810202;7312200;7319099;7490199;7711000;7719599;7739099;7820500;8020001;8020002;8211300;8299799,MANAUS,AM,"150000,00",03,CNAE_CARGA_TRANSPORTE
57723170000111,TOP RASTREAMENTO LTDA,TOPSAT RASTREAMENTO,MATRIZ,ATIVA,4520007,8020001,JOAO PESSOA,PB,"100000,00",01,PALAVRA_CHAVE_GR
44610296000138,INOVA CONSTRUCOES PAVIMENTACOES E TRANSPORTES LTDA,INOVA,MATRIZ,ATIVA,4313400,1921700;2330302;2330399;2399199;3314707;4120400;4211101;4212000;4213800;4221901;4221902;4221903;4221904;4221905;4222701;4222702;4223500;4291000;4292801;4292802;4299501;4299599;4311801;4311802;4312600;4319300;4321500;4322301;4322302;4322303;4329101;4329102;4329103;4329104;4329105;4329199;4330401;4330402;4330403;4330404;4330405;4330499;4391600;4399101;4399102;4399103;4399104;4399105;4399199;4642702;4649402;4649404;4649408;4649499;4651601;4651602;4679699;4923002;4930203;5091201;5212500;5811500;7111100;7112000;7119701;7119702;7119703;7119704;7119799;7120100;7410202;7490103;7711000;7719599;7731400;7732201;7732202;7733100;7739001;7739003;7739099;7810800;8011101;8020001;8020002;8111700;8121400;8122200;8129000;8130300;8211300;8219901;8219999;9521500,MANAUS,AM,"5700000,00",01,CNAE_CARGA_TRANSPORTE
59964886000136,R DO NASCIMENTO FONSECA,RASTRO VEICULAR,MATRIZ,ATIVA,8020001,1412601,TERESINA,PI,"7000,00",01,CNAE_CARGA_TRANSPORTE
60195615000142,SUELY SOUSA DE OLIVEIRA,CAMPINA RASTREAMENTO,MATRIZ,ATIVA,8020001,,JOAO PESSOA,PB,"200000,00",01,PALAVRA_CHAVE_GR
62169385000172,EVOLKE SOLUCOES E RASTREAMENTO LTDA,EVOLKE RASTREADORES,MATRIZ,ATIVA,4757100,4520007;4751201;4752100;7739099;7740300,BRASILIA,DF,"10000,00",01,PALAVRA_CHAVE_GR
62452228000170,R. C. G. DE LIMA RASTREAMENTO E MONITORAMENTO,TRACKION RASTREAMENTO E MONITORAMENTO,MATRIZ,ATIVA,8020001,4752100;6209100;9512600,BRASILIA,DF,"5000,00",01,PALAVRA_CHAVE_GR
63983698000122,LANDER SEGURANCA E MONITORAMENTO LTDA,LANDER SEGURANCA E MONITORAMENTO,MATRIZ,ATIVA,8020001,4321500;4751201;4752100;7490199;8020002;8111700;8220200,MANAUS,AM,"300000,00",03,PALAVRA_CHAVE_GR
64615257000130,PARA MONITORAMENTO 24HS LTDA,PARA GPS VEICULAR 24HS,MATRIZ,ATIVA,8020001,,BELEM,PA,"8000,00",03,PALAVRA_CHAVE_GR
65338265000140,PETRUS CORRETORA DE SEGUROS LTDA,PETRUS GESTAO DE RISCOS E CORRETORA DE SEGUROS,MATRIZ,ATIVA,6622300,,FEIRA DE SANTANA,BA,"10000,00",01,PALAVRA_CHAVE_GR
65623751000100,SNPER RASTREAMENTOS LTDA,,MATRIZ,ATIVA,8020001,4520005;4520007;4530703;4530704,TERESINA,PI,"100000,00",01,PALAVRA_CHAVE_GR
65671553000111,VANGUARDA RASTREAMENTO E SERVICOS LTDA,VANGUARDA RASTREAMENTO,MATRIZ,ATIVA,8020001,4120400;7711000;8111700;8121400;8129000,TERESINA,PI,"100000,00",01,PALAVRA_CHAVE_GR
65788084000115,TRAKION BRASIL SISTEMAS DE MONITORAMENTO LTDA,TRAKION BRASIL,MATRIZ,ATIVA,8020001,4321500,BELEM,PA,"10000,00",03,PALAVRA_CHAVE_GR
66258210000192,CAMILA SOLUTIONS - SEGUROS E GESTAO DE RISCOS LTDA,CAMILA SOLUTIONS - SEGUROS E GESTAO DE RISCOS,MATRIZ,ATIVA,6622300,6629100;7020400;7490199,BRASILIA,DF,"10000,00",03,PALAVRA_CHAVE_GR
66419248000108,MENTE E ERGO CONSULTORIA E SOLUCOES ERGONOMICAS LTDA,MENTE & ERGO CONSULTORIA EM ERGONOMIA E RISCOS PSICOSSO,MATRIZ,ATIVA,7490199,8599604,NATAL,RN,"5000,00",01,PALAVRA_CHAVE_GR
66501139000127,JG CORRETORA DE SEGUROS LTDA,FORTUNA GESTAO DE RISCOS,MATRIZ,ATIVA,6622300,6619302;7319002;7319003;7490104;7740300;8211300;8299799;8599604,MANAUS,AM,"10000,00",01,PALAVRA_CHAVE_GR
66674784000141,FIBER RASTREADORES E TECNOLOGIA LTDA,FIBER RASTREADORES,MATRIZ,ATIVA,6110803,3314710;3329599;3511501;4221904;4520001;4520003;4742300;4751201;4752100;6120599;6190601;6190602;6190699;6203100;6204000;6209100;6311900;7120100;8020001;8299799;9511800;9512600,SAO LUIS,MA,"20000,00",03,PALAVRA_CHAVE_GR
67110407000142,T. RODRIGUES DO NASCIMENTO,VELOZ RASTREAMENTO,MATRIZ,ATIVA,8020001,4520005;4520007,MANAUS,AM,"100000,00",03,PALAVRA_CHAVE_GR
67607562000179,M DA R RODRIGUES,ROCHA RASTREAMENTO,MATRIZ,ATIVA,8020001,4321500;7739099,TERESINA,PI,"50000,00",01,PALAVRA_CHAVE_GR
02254529000167,WALTER RAMOS DA MOTA,WR TIRA RISCO,MATRIZ,ATIVA,4520001,4520002;4520003;4520004;4530703;4530704,BRASILIA,DF,"0,00",01,PALAVRA_CHAVE_GR
05925137000170,CUICA PRESTADORA DE SERVICOS E RASTREAMENTO LTDA,,MATRIZ,ATIVA,8020001,7711000;8211300,NATAL,RN,"10000,00",03,PALAVRA_CHAVE_GR
06185356000123,RSAT RASTREAMENTO E MONITORAMENTO LTDA,RSAT,MATRIZ,ATIVA,8020001,,VITORIA,ES,"0,00",01,PALAVRA_CHAVE_GR
08743087000107,GLOBODYNE SERVICOS LTDA,GLOBODYNE TRANSPORTES E LOGISTICA,MATRIZ,ATIVA,8020001,4120400;4321500;4322302;4761003;9511800;9512600,SAO LUIS,MA,"20000,00",01,CNAE_CARGA_TRANSPORTE
13168382000109,CAMILLA M DE ARAUJO ELPIDIO,MC SAT RASTREAMENTO VEICULAR,MATRIZ,ATIVA,8020001,,NATAL,RN,"30000,00",01,PALAVRA_CHAVE_GR
13198001000134,AMAZONLINK MONITORAMENTO E RASTREAMENTO DE VEICULOS LTDA,LINK MONITORAMENTO,MATRIZ,ATIVA,4520007,4757100;4759899;7733100;7739099;9521500,MANAUS,AM,"75000,00",03,PALAVRA_CHAVE_GR
13832023000104,LION SOUZA SERVICOS DE SEGURANCA LTDA,LION SOUZA SEGURANCA E MONITORAMENTO 24 HORAS,MATRIZ,ATIVA,8011101,8020001;8030700;8111700,BRASILIA,DF,"150000,00",01,PALAVRA_CHAVE_GR
14257838000170,EVERSON TRINDADE FRANCA,PAULISTA RASTREADORES,MATRIZ,ATIVA,4520007,4530703,FEIRA DE SANTANA,BA,"1,00",01,PALAVRA_CHAVE_GR
14341935000146,DESP SERVICOS E MONITORAMENTO ELETRONICO LTDA,DESP SEGURANCA ELETRONICA,MATRIZ,ATIVA,8020001,4321500;4751201;4752100;4759899;6190601;6311900;8121400;8211300;8219999;9001906;9511800,JOAO PESSOA,PB,"20000,00",01,PALAVRA_CHAVE_GR
15101754000105,GUILHERME LIMA DE BRITO,RG RASTREADORES,MATRIZ,ATIVA,4520007,4530703;4732600,BRASILIA,DF,"5000,00",01,PALAVRA_CHAVE_GR
15667554000114,MARIA NAZARE DE ARAUJO CARNEIRO TRANSPORTES,IMPERIAL TRANSPORTES,MATRIZ,ATIVA,4924800,4761001;4761003;4781400;4929901;8020001,MANAUS,AM,"100000,00",01,CNAE_CARGA_TRANSPORTE
18624670000144,NATAKI COMERCIO E SERVICOS DE MONITORAMENTO DE EQUIPAMENTOS ELETROELETRONICOS LTDA,NATAKI,MATRIZ,ATIVA,8020001,4321500;4530703;4751201;4751202;4753900;7729202;8299701,MANAUS,AM,"70000,00",01,PALAVRA_CHAVE_GR
19571532000107,SUPLAERO SERVICOS E TRANSPORTES LTDA,SUPLAERO,MATRIZ,ATIVA,4923002,3811400;4120400;4211101;4299599;4311801;4399199;4924800;4929902;4930201;4930202;5239799;7711000;7719599;7732201;8011101;8020001;8121400;8129000;8130300;8211300;8299799,SAO LUIS,MA,"500000,00",01,CNAE_CARGA_TRANSPORTE
21503315000121,JAMES RODRIGUES DA SILVA,AGUIA SISTEMAS DE RASTREAMENTO 24 HORAS,MATRIZ,ATIVA,8020001,4753900;6209100;8599604;8599699,NATAL,RN,"25000,00",01,PALAVRA_CHAVE_GR
22057089000165,JOEL MARQUES DE CARVALHO,JB LOCK RASTREAMENTO VEICULAR,MATRIZ,ATIVA,9511800,4520007;4752100;4759899;6190699;8599603,MANAUS,AM,"30000,00",01,PALAVRA_CHAVE_GR
22622704000139,REDE BRASILEIRA DE MONITORAMENTO E AVALIACAO,REDE BRASILEIRA DE MONITORAMENTO E AVALIACAO,MATRIZ,ATIVA,9493600,5911199;8592999,BRASILIA,DF,"0,00",05,PALAVRA_CHAVE_GR
23484864000121,AGUIA MONITORAMENTO E SERVICOS LTDA,AGUIA MONITORAMENTO,MATRIZ,ATIVA,7739099,8211300;8299799,BRASILIA,DF,"50000,00",03,PALAVRA_CHAVE_GR
10728567000132,RZ ENGENHARIA E MEDICINA DO TRABALHO LTDA,RISCO ZERO,MATRIZ,ATIVA,7119704,7112000;7120100;7490199;8541400;8599604;8599699;8630502;8630503;8630599;8640201;8640202;8640205;8640208;8650003;8650006;8660700,NATAL,RN,"40000,00",03,PALAVRA_CHAVE_GR
24628617000114,BATISTA RASTREAMENTO LTDA,BATISTA RASTREAMENTO,MATRIZ,ATIVA,7739099,4520003;4520007,JOAO PESSOA,PB,"20000,00",01,PALAVRA_CHAVE_GR
09561250000175,AUTENTICA MONITORAMENTO DE SISTEMA ELETRONICO LTDA,AUTENTICA EMPREENDIMENTOS,MATRIZ,ATIVA,8020001,4923002;7711000;8111700;8121400;8129000;8211300,MANAUS,AM,"100000,00",01,PALAVRA_CHAVE_GR
10832653000190,"C P J CONSTRUTORA, TRANSPORTE E NAVEGACAO LTDA",BELLA NAVEGACAO,MATRIZ,ATIVA,4744099,3011301;3011302;3314707;3317101;3530100;4120400;4211101;4211102;4212000;4213800;4221901;4221902;4221903;4221904;4221905;4222701;4222702;4223500;4291000;4292801;4292802;4299501;4299599;4311801;4311802;4312600;4313400;4319300;4321500;4322301;4322302;4322303;4329101;4329102;4329103;4329104;4329105;4329199;4330401;4330402;4330403;4330404;4330405;4330499;4391600;4399101;4399102;4399103;4399104;4399105;4399199;4520001;4679699;4771701;4923002;4930201;5021101;5091201;5091202;5212500;7111100;7112000;7119701;7119702;7119703;7119704;7119799;7120100;7410202;7490103;7711000;7719501;7719599;7732201;7732202;7733100;7739001;7739003;7810800;8020001;8020002;8111700;8121400;8122200;8129000;8130300;8211300;8219901;8219999;9521500,MANAUS,AM,"100000,00",03,CNAE_CARGA_TRANSPORTE
13299769000102,TRANSPORTES LINHARES LTDA,LINHARES TRANSPORTES E LOCACOES,MATRIZ,ATIVA,5250804,2910701;2920401;2930101;3600602;3811400;4120400;4291000;4292801;4311801;4312600;4313400;4319300;4321500;4322301;4329104;4330401;4330402;4391600;4399101;4399104;4399105;4520001;4520007;4541201;4541206;4543900;4751201;4752100;4921301;4922102;4923001;4923002;4924800;4929901;4929902;4929999;4930201;4930202;4930203;4930204;4940000;5011401;5011402;5012201;5021102;5022002;5030101;5091201;5099801;5211701;5211799;5212500;5229002;5250803;5250805;6201501;6204000;6209100;7111100;7112000;7119701;7119703;7311400;7711000;7719501;7719599;7731400;7732201;7732202;7733100;7739001;7739099;7810800;7820500;7830200;8020001;8121400;8129000;8230001;8299799;8621601;8621602;8622400,MANAUS,AM,"2000000,00",03,CNAE_CARGA_TRANSPORTE
22573129000121,"MARGHESS LOCADORA DE VEICULOS, TRANSPORTES, GESTAO DE FROTAS E CORRETAGEM DE SEGUROS LTDA",MARGHESS RENT A CAR & RASTREAMENTO,MATRIZ,ATIVA,7711000,1812100;1813099;4321500;4511101;4511102;4520003;4520005;4520007;4530703;4541203;4541204;4541206;4649401;4649402;4751201;4752100;4753900;4757100;4763605;4789099;4923002;4924800;4929901;4930201;4930202;4930204;5021101;5022001;5091201;5229002;6190699;6201501;6202300;6203100;6204000;6311900;6622300;7719501;7719599;7731400;7732201;7739099;9512600,SAO LUIS,MA,"180000,00",01,PALAVRA_CHAVE_GR
27001295000177,SEGMUNDIAL SEGURANCA ELETRONICA E RASTREAMENTO LTDA,SEGMUNDIAL,MATRIZ,ATIVA,8020001,4321500;4753900;4789008;8020002,BELEM,PA,"100000,00",01,PALAVRA_CHAVE_GR
27965546000133,RISCO ZERO AUTO CAR LTDA,RISCO ZERO,MATRIZ,ATIVA,4520001,4520002;4520003;4520004;4520005;4520006;4530703;4530704;4530705;4732600,BRASILIA,DF,"100000,00",03,PALAVRA_CHAVE_GR
29500777000105,D J DA S MACEDO RASTREAMENTO VEICULAR LTDA,KARJEF,MATRIZ,ATIVA,8020001,4520007;4530703;4743100;4759899,BELEM,PA,"3000,00",01,PALAVRA_CHAVE_GR
30036091000186,FOCO SIS SEGURANCA VEICULAR LTDA,FOCO SIS,MATRIZ,ATIVA,8020001,,BRASILIA,DF,"100000,00",03,CNAE_CARGA_TRANSPORTE
30076801000100,V N G DA SILVA,EB RASTREAMENTO E MONITORAMENTO,MATRIZ,ATIVA,8020001,4530704;8020002,NATAL,RN,"30000,00",01,PALAVRA_CHAVE_GR
30416243000176,VAL RASTREAMENTO VEICULAR LTDA,VAL RASTREAMENTO VEICULAR,MATRIZ,ATIVA,8020001,4321500;4520007;4744003;4751201;4752100;4753900;4754701;4754703;4755502;4761003;4772500;4773300;4789005;4789007;8020002;9511800,ARACAJU,SE,"50000,00",01,PALAVRA_CHAVE_GR
30948247000103,D P DA SILVEIRA - SERVICOS,SAGATTI RASTREAMENTOS,MATRIZ,ATIVA,8020001,3314707;4321500;4757100;6190699;9511800,MANAUS,AM,"200000,00",01,PALAVRA_CHAVE_GR
31407690000121,ALFA RASTREADORES E VEICULOS LTDA,ALFA RASTREADORES E VEICULOS,MATRIZ,ATIVA,4520007,4511102;4520003,BRASILIA,DF,"10000,00",01,PALAVRA_CHAVE_GR
31584671000170,SOUZA E GUEDES LTDA,RADAR MONITORAMENTO E RASTREAMENTO VEICULAR,MATRIZ,ATIVA,8020001,4751201;4781400;8599604;9511800,MANAUS,AM,"50000,00",01,PALAVRA_CHAVE_GR
26607785000159,"TWISTER SEGURANCA PATRIMONIAL E DIGITAL, E RASTREAMENTO VEICULAR LTDA",TWISTER SEGURANCA,MATRIZ,ATIVA,8011101,1413401;4399103;4649499;4723700;4744001;4751201;4752100;4754702;4759899;4761003;4763601;4773300;4781400;4789007;5229099;5620101;5620102;5819100;6209100;6810201;6920601;7020400;7111100;7719599;7739003;8020001;8111700;8230001,MANAUS,AM,"250000,00",01,PALAVRA_CHAVE_GR
28879890000172,DS SERVICOS DE RASTREAMENTO LTDA,DS RASTREAMENTO,MATRIZ,ATIVA,4757100,4520007;4752100,BRASILIA,DF,"30000,00",01,PALAVRA_CHAVE_GR
35000417000139,PENHA SUSTENTABILIDADE E GESTAO DE RISCOS LTDA,PENHA SUSTENTABILIDADE E GESTAO DE RISCOS,MATRIZ,ATIVA,8211300,3313901;3314706;3314799;3319800;3321000;3811400;3812200;3822000;4322303;4399101;4520001;4520005;4687703;4732600;4930201;4930202;4930203;5212500;7112000;7119703;7119704;7490199;7739099;8129000;8219999,SALVADOR,BA,"300000,00",01,PALAVRA_CHAVE_GR
35374301000160,MG SERVICOS DE ESCRITORIO E RASTREAMENTO LTDA,VELOZ RASTREAMENTO,MATRIZ,ATIVA,8020001,8211300,NATAL,RN,"100000,00",01,PALAVRA_CHAVE_GR
36291043000110,FORTHE RASTREAMENTO E MONITORAMENTO ELETRONICO LTDA,,MATRIZ,ATIVA,8020001,4520007;4530703;4753900;4759899;5223100;8111700;8121400,TERESINA,PI,"1000000,00",01,PALAVRA_CHAVE_GR
36377316000144,EDINALDO VELOSO DA SILVA,EVS MONITORAMENTO DE SISTEMA DE SEGURANCA ELETRONICO,MATRIZ,ATIVA,8020001,,BELEM,PA,"20000,00",03,PALAVRA_CHAVE_GR
37016521000147,RAIOTEC RASTREAMENTO LTDA,RAIOTEC - RASTREAMENTO,MATRIZ,ATIVA,8020001,4321500;4520007;4530703;4751201;7319002;7739099,BRASILIA,DF,"100000,00",03,PALAVRA_CHAVE_GR
37499127000107,PERSONAL TERCEIRIZACAO E MONITORAMENTO LTDA,PERSONAL TERCEIRIZACAO E MONITORAMENTO,MATRIZ,ATIVA,8020001,4120400;4330404;5212500;7112000;7820500;8111700;8211300;8610102;8630501;8630502,NATAL,RN,"50000,00",01,PALAVRA_CHAVE_GR
39283959000117,ESPLENDOR TRANSPORTES E LOCACAO LTDA,ESPLENDOR TRANSPORTES E LOCACAO,MATRIZ,ATIVA,7711000,3600602;3811400;4520001;4923002;4924800;4929901;4929902;4930201;4930203;5229002;7719599;7731400;7732201;7911200;7912100;8020001;8299799,SAO LUIS,MA,"180000,00",03,CNAE_CARGA_TRANSPORTE
27524030000234,FIDELITY TRANSPORTES E ASSISTENCIA 24 HORAS LTDA,,FILIAL,ATIVA,5250804,4321500;4742300;4751201;6190601;6203100;6204000;6209100;6311900;7740300;8020001;8020002;8291100;8299799,VITORIA,ES,"50000,00",01,CNAE_CARGA_TRANSPORTE
35697081000105,B D M PEREIRA,B D M ELETRONICA E RASTREAMENTO,MATRIZ,ATIVA,8020001,4213800;4330404;4751201;4753900;4759899;8111700;8121400,SAO LUIS,MA,"3000,00",01,PALAVRA_CHAVE_GR
40420015000123,LEAO DE JUDA SERVICOS E TRANSPORTES DE CARGAS LTDA,LEAO DE JUDA SERVICOS,MATRIZ,ATIVA,5250804,4292801;4321500;4322301;4322302;4322303;4399103;5212500;7810800;8020002;8111700;8112500;8121400;8129000;8130300;8299799;9609299,MANAUS,AM,"100000,00",03,CNAE_CARGA_TRANSPORTE
43239056000106,ONLYYSAT MONITORAMENTO LTDA,ONLYYSAT MONITORAMENTO,MATRIZ,ATIVA,4520007,,FEIRA DE SANTANA,BA,"100000,00",01,PALAVRA_CHAVE_GR
43563433000168,CABRAL COMERCIO E SERVICO PATRIMONIAL LTDA,CABRAL PROTECAO E MONITORAMENTO,MATRIZ,ATIVA,4321500,4330402;4744001;4744002;4752100;4757100;4759899;7739099;8011101;8020001;8020002;9512600;9521500,VITORIA,ES,"2000,00",01,PALAVRA_CHAVE_GR
40923603000180,ETERNO RASTREADORES LTDA,ETERNO RASTREADORES,MATRIZ,ATIVA,4520007,4321500;4530703;4541206;4742300;4751201;4752100;4753900;4759899;8011101;8020001;8020002;8111700;8211300;9521500,MANAUS,AM,"200000,00",01,PALAVRA_CHAVE_GR
26346089000136,EXITO XT GESTAO DE RISCOS E INVESTIMENTOS LTDA,EXITO GESTAO DE RISCOS E INVESTIMENTOS,MATRIZ,ATIVA,7490104,6622300;6629100;7020400;8211300,BRASILIA,DF,"100000,00",01,PALAVRA_CHAVE_GR
31845072000163,M V PENHA GERENCIAMENTO DE FROTA LTDA,M V PENHA GERENCIAMENTO DE FROTA,MATRIZ,ATIVA,7490104,3314707;3314710;3811400;4120400;4211101;4213800;4322302;4329104;4511101;4511102;4530703;4530705;4619200;4723700;4732600;4741500;4742300;4743100;4744001;4744003;4744004;4744005;4744099;4751201;4751202;4752100;4753900;4754701;4754702;4754703;4756300;4757100;4759899;4761001;4761003;4763601;4763602;4774100;4781400;4782201;4784900;4789005;4789007;4789099;4924800;6201501;6202300;6203100;6204000;6209100;6822600;6920601;6920602;7020400;7711000;7733100;7739099;7810800;8020001;8020002;8211300;8219999;8299702;8599604;9511800;9512600,SAO LUIS,MA,"500000,00",03,CNAE_CARGA_TRANSPORTE
34256422000144,M A DE AZEVEDO NETO M1 RASTREAMENTO,M1 RENT A CAR,MATRIZ,ATIVA,7711000,4520005;4520007;4530701;4541204;4541206;4543900;6204000;8020001,JOAO PESSOA,PB,"100000,00",01,PALAVRA_CHAVE_GR
41413655000179,RASTRE-A RASTREAMENTO VEICULAR LTDA,RASTRE-A,MATRIZ,ATIVA,8020001,4520007;4751201,SAO LUIS,MA,"15000,00",01,PALAVRA_CHAVE_GR
36631226000138,RASTREK RASTREAMENTO E ASSISTENCIA 24 HORAS LTDA,SALVADOR GUINCHOS,MATRIZ,ATIVA,5229002,8020001,SALVADOR,BA,"100000,00",01,PALAVRA_CHAVE_GR
41967911000170,M R DOS S AMORIM  LTDA,SATEL RASTREAMENTO,MATRIZ,ATIVA,8020001,4520007;4530703;7739099,TERESINA,PI,"50000,00",01,PALAVRA_CHAVE_GR
42093973000162,M P RIOS DA SILVA,RIOS SEG RASTREAMENTO,MATRIZ,ATIVA,8020001,4520001;4520003;4520007;4530703;4530704;4541206;4543900;4732600,TERESINA,PI,"10000,00",01,PALAVRA_CHAVE_GR
44135926000160,LINCSAT PROTECAO VEICULAR,LINCSAT PROTECAO VEICULAR,MATRIZ,ATIVA,8020001,,BELEM,PA,"0,00",05,CNAE_CARGA_TRANSPORTE
44637035000101,MONITTECH MONITORAMENTO E TECNOLOGIA LTDA,MONITTECH,MATRIZ,ATIVA,6110803,4321500;8020001;8020002,BRASILIA,DF,"60000,00",01,PALAVRA_CHAVE_GR
44660864000105,MANAUS SEGURANCA E MONITORAMENTO CLEAN LTDA,MANAUS ALARMES,MATRIZ,ATIVA,8020001,4321500;4322303;4751201;4762800;4774100;4789007;4789008;8011101;8111700;8121400;8129000;9511800;9512600,MANAUS,AM,"500000,00",03,PALAVRA_CHAVE_GR
44062733000126,JM RASTREAMENTO VEICULAR LTDA,JM RASTREAMENTO VEICULAR,MATRIZ,ATIVA,4520007,6209100;6311900;9511800,BRASILIA,DF,"100000,00",01,PALAVRA_CHAVE_GR
46677608000156,JSC PROTECAO E SEGURANCA PATRIMONIAL E MONITORAMENTO LTDA,JCS PROTECAO,MATRIZ,ATIVA,8011101,8020001,SALVADOR,BA,"200000,00",03,PALAVRA_CHAVE_GR
49517814000197,SERVICE MASTER MONITORAMENTO LIMPEZA E CONSERVACAO LTDA,SERVICE MASTER,MATRIZ,ATIVA,8020001,4751201;4752100;7739099;8111700;8121400;9512600,BELEM,PA,"100000,00",01,PALAVRA_CHAVE_GR
48643405000174,JAC ORGANIZACAO LOGISTICA DE TRANSPORTE DE CARGAS LTDA,SHALOM ADONAI EL SHADAY,MATRIZ,ATIVA,5250804,1811301;1811302;1812100;1813001;1813099;1822901;1822999;4292801;4321500;4322302;4399103;4649408;4684299;4751201;4761003;4789005;4930202;5021102;5320201;7311400;7410299;7810800;8011101;8020001;8111700;8121400;8129000;8130300;8219901;8299707,MANAUS,AM,"500000,00",01,CNAE_CARGA_TRANSPORTE
51470640000104,JOSE ESTEVAM MARTINS FILHO,PROAUTO RASTREAMENTO,MATRIZ,ATIVA,4530703,3101200;4520003;4520007;4530704;4541206,TERESINA,PI,"60000,00",01,PALAVRA_CHAVE_GR
45956933000195,RASTROMIL LTDA,RASTROMIL RASTREAMENTO 24H,MATRIZ,ATIVA,8020001,4520007,BELEM,PA,"100000,00",03,PALAVRA_CHAVE_GR
52420649000165,CONSORCIO GERENCIADORA LH IP4 DNIT,CONSORCIO GERENCIADORA LH IP4 DNIT,MATRIZ,ATIVA,7112000,7119701;7119703,MANAUS,AM,"0,00",05,PALAVRA_CHAVE_GR
52471911000109,PRIVATESAT SERVICOS DE RASTREAMENTO LTDA,PRIVATESAT,MATRIZ,ATIVA,4520007,8020001,JOAO PESSOA,PB,"20000,00",03,PALAVRA_CHAVE_GR
52598937000104,VERTICE CORRETORA DE SEGUROS LTDA,VERTICE PLANEJAMENTO E GESTAO DE RISCO,MATRIZ,ATIVA,6622300,6619302;7319002;7740300;8211300;8299799;8599604,MANAUS,AM,"30000,00",01,PALAVRA_CHAVE_GR
52972052000123,GENESIS RASTREAMENTO LTDA,GENESIS RASTREAMENTO,MATRIZ,ATIVA,6190699,1830003;4520001;4520002;4520003;4530703;4543900;4651601;5229002;6399200;7490104;7711000;7739099;8020001;8211300;8220200,FEIRA DE SANTANA,BA,"200000,00",01,PALAVRA_CHAVE_GR
52947327000179,SNIPER RASTREAMENTO VEICULAR LTDA,SNIPER RASTREAMENTO VEICULAR,MATRIZ,ATIVA,4520007,4321500;4329105;4520003;4530703;4530704;4541206;4541207;4753900;9521500,MANAUS,AM,"100000,00",01,PALAVRA_CHAVE_GR
53555477000108,SERGISAT RASTREAMENTO LTDA,SERGISAT RASTREAMENTO,MATRIZ,ATIVA,8020001,4530701;4923002;5620104;7719599,ARACAJU,SE,"80000,00",01,PALAVRA_CHAVE_GR
53874840000140,LOGIC PRO LOGISTICA E COMERCIO DE TECNOLOGIA LTDA,BH STORE,MATRIZ,ATIVA,4751201,4649401;4649402;4651601;4651602;4652400;4729699;4742300;4744099;4752100;4753900;4754701;4757100;4761003;4763601;4781400;5212500;5250804;5250805;6190601;6204000;6209100;7711000;7729202;7733100;7739099;8020001;9511800,MANAUS,AM,"240000,00",05,CNAE_CARGA_TRANSPORTE
53917568000138,53.917.568 ROMULO FAUZI MENEZES DE SA,RSA - GESTAO DE RISCOS SEGURANCA E PROCESSOS,MATRIZ,ATIVA,8599604,7112000;7119704;7490199;8219999;8299799,ARACAJU,SE,"5000,00",01,PALAVRA_CHAVE_GR
54139926000191,HERMES CORRETORA DE SEGUROS E GESTAO DE RISCOS LTDA,HERMES GESTAO DE RISCOS,MATRIZ,ATIVA,6622300,,BRASILIA,DF,"10000,00",01,PALAVRA_CHAVE_GR
55587327000101,CD-CENTRAL DE RASTREAMENTO E TELEMETRIA E MONITORAMENTO LTDA,CD-CENTRAL DE RASTREAMENTO E TELEMETRIA E MONITORAMENTO,MATRIZ,ATIVA,8020001,4321500;4520003;4530701;4530703;4923002;5229002;7739099;8020002,SAO LUIS,MA,"10000,00",01,PALAVRA_CHAVE_GR
56705293000167,RUBEM DOS SANTOS,OFICINA BAHIA-CAR RISCOS & MOSSAS,MATRIZ,ATIVA,4520001,,SALVADOR,BA,"50000,00",01,PALAVRA_CHAVE_GR
57531946000100,LUIZ HENRIQUE FARIAS CORRETORA DE SEGUROS LTDA,LH7 GESTAO DE RISCOS E PLANEJAMENTO FINANCEIRO,MATRIZ,ATIVA,6622300,,BRASILIA,DF,"10000,00",01,PALAVRA_CHAVE_GR
59845985000107,COOPERATIVA DE TRANSPORTE E CONSUMO DO NORDESTE,PROTSEG,MATRIZ,ATIVA,7490104,4923002;4929902;4930202;8020001,FEIRA DE SANTANA,BA,"50000,00",05,CNAE_CARGA_TRANSPORTE
59929948000179,LS CORRETORA DE SEGUROS E INVESTIMENTOS LTDA,LS PLANEJAMENTO FINANCEIRO E GESTAO DE RISCOS,MATRIZ,ATIVA,6622300,,SALVADOR,BA,"10000,00",01,PALAVRA_CHAVE_GR
60129911000145,JAMPASAT RASTREAMENTO LTDA,JAMPASAT RASTREAMENTO,MATRIZ,ATIVA,8020001,3314706;4520007;4530706;4930201;5320201;5320202;7739099,JOAO PESSOA,PB,"200000,00",01,PALAVRA_CHAVE_GR
60367616000127,ROTA 101 RASTREAMENTO E INTELIGENCIA LTDA,,MATRIZ,ATIVA,8020001,7711000,NATAL,RN,"100000,00",01,PALAVRA_CHAVE_GR
60399534000164,L SOUZA SERVICOS DE LOCACAO DE TRANSPORTE LTDA,BRASO LOCACOES,MATRIZ,ATIVA,7719599,7711000;7739099;8020001;8219999,BELEM,PA,"30000,00",01,CNAE_CARGA_TRANSPORTE
61330334000118,HERC - LOCACAO E MONITORAMENTO ELETRONICO LTDA,,MATRIZ,ATIVA,8020001,7711000;7739099;8121400,NATAL,RN,"10000,00",01,PALAVRA_CHAVE_GR
61596211000123,NR SERVICOS DE MONITORAMENTO VEICULAR LTDA,NASCIMENTO RASTREADORES,MATRIZ,ATIVA,8020001,4520007,MANAUS,AM,"50000,00",03,PALAVRA_CHAVE_GR
61599922000151,SASTTEC RASTREAMENTO LTDA,SASTTEC RASTREAMENTO,MATRIZ,ATIVA,4520007,4321500;4520003;4530703,BRASILIA,DF,"25000,00",01,PALAVRA_CHAVE_GR
49037412000195,RASTREAR.COM SERVICOS LTDA,RASTREAR.COM,MATRIZ,ATIVA,7739099,4520001;4543900,JOAO PESSOA,PB,"5000,00",01,PALAVRA_CHAVE_GR
57726551000154,SERGIPE RASTREAMENTO VEICULAR LTDA,,MATRIZ,ATIVA,8020001,3313902;4321500;4520001;4520006;4520007;4530703;4752100;4923001;4930204;6190699;7729202;7739003;7739099;8291100,ARACAJU,SE,"100000,00",01,PALAVRA_CHAVE_GR
63309986000104,PEDRA ANGULAR CORRETORA DE SEGUROS GESTAO DE RISCOS E PROTECAO FINANCEIRA LTDA,VITA & HAVERES GESTAO DE RISCOS E PROTECAO FINANCEIRA,MATRIZ,ATIVA,6622300,,BRASILIA,DF,"10000,00",01,PALAVRA_CHAVE_GR
63451788000172,VILMA DE SOUZA,ARAUJO VEICULOS E RASTREAMENTO,MATRIZ,ATIVA,4511101,4321500;4322301;4330404;4330499;4399102;4511102;4520001;4530703;4541204;4742300;4744003;7711000;7719599;7732201;7739099,MANAUS,AM,"500000,00",03,PALAVRA_CHAVE_GR
64886032000119,J M ATIVIDADES DE MONITORAMENTO LTDA,,MATRIZ,ATIVA,8020002,,VITORIA,ES,"5000,00",01,PALAVRA_CHAVE_GR
65917637000192,RISCO ZERO ENGENHARIA LTDA,RISCO ZERO ENGENHARIA DE SEGURANCA,MATRIZ,ATIVA,7112000,7020400;7119704;7490199;8599604;8650004,MANAUS,AM,"100000,00",03,PALAVRA_CHAVE_GR
67870744000138,SERVI GUINCHO E RASTREADORES LTDA,DUAS RODAS GUINCHO E RASTREADORES,MATRIZ,ATIVA,5229002,4520007;8020001,ARACAJU,SE,"5000,00",01,PALAVRA_CHAVE_GR
00389481000179,LM TRANSPORTES INTERESTADUAIS SERVICOS E COMERCIO S.A,LM,MATRIZ,ATIVA,7711000,4922101;4923002;4930202;6463800;7490104;7719599;7830200;8020001;8299799,SALVADOR,BA,"1093350865,39",05,CNAE_CARGA_TRANSPORTE
04189854000119,"E. S. BEZERRA TRANSPORTES, COMERCIO E SERVICOS",EULER TRANSPORTES ESPECIAIS,MATRIZ,ATIVA,4930201,0322101;1011201;1031700;1066000;2599301;3101200;3313901;3314704;3314707;3329501;4213800;4311802;4312600;4313400;4321500;4322301;4329101;4399101;4399103;4399105;4520001;4520002;4520003;4520005;4520007;4530703;4623106;4623108;4623109;4712100;4721103;4722901;4722902;4724500;4731800;4742300;4744001;4744002;4744003;4744004;4744099;4753900;4771701;4773300;4924800;4930202;4930203;4930204;5021101;5611201;5611203;5611204;5620101;7711000;7739003;8020001;8121400;8230001;9001906;9529105,MANAUS,AM,"600000,00",01,CNAE_CARGA_TRANSPORTE
07106915000125,FLASH TRANSPORTE E INFORMATICA LTDA,FLASH - TRANSPORTE E INFORMATICA,MATRIZ,ATIVA,5320202,4647801;4651601;8020001,BRASILIA,DF,"100000,00",01,CNAE_CARGA_TRANSPORTE
07128777000185,SERVICE GOLDEN ATIVIDADES DE MONITORAMENTO DE SISTEMAS DE SEGURANCA LTDA,SERVICE GOLDEN,MATRIZ,ATIVA,8020001,4292801;4292802;4321500;4330499;4399199;8011101;8121400;8129000;8130300;8299799;9521500,MANAUS,AM,"100000,00",01,PALAVRA_CHAVE_GR
26944827000147,ROYAL TRANSPORTE DE PASSAGEIROS E TERCERIZACAO DE MAO DE OBRA LTDA,,MATRIZ,ATIVA,4929901,4120400;4211101;4222701;4311802;4313400;4751201;4923002;4924800;4929902;4929903;4929904;4930202;7112000;7711000;7732201;8020001;8121400;8129000;8130300;8211300;8219999,BRASILIA,DF,"200000,00",01,CNAE_CARGA_TRANSPORTE
14184642000100,PORSEG MONITORAMENTO DE SEGURANCA ELETRONICA LTDA,TACTICAL RASTREAMENTO,MATRIZ,ATIVA,8020001,4120400;4321500;4322301;4322302;4330402;4330403;4330404;4330499;4520007;4541206;4741500;4744001;4751201;4781400;4782201;4782202;6311900;8121400;8122200,MANAUS,AM,"100000,00",01,PALAVRA_CHAVE_GR
06004919000130,TRANSPORTADORA DISTRIBUIDORA IMPORTADORA E EXPORTADORA DE ALIMENTOS K & N LTDA,CONSTRUTORA E TRANSPORTADORA K & N,MATRIZ,ATIVA,4929901,0113000;0161001;0161002;0161003;0161099;0162899;1071600;1111901;1813099;3811400;3821100;3822000;4213800;4291000;4299599;4311801;4311802;4313400;4319300;4399199;4520001;4520002;4520003;4520004;4520005;4520006;4520007;4520008;4530703;4530704;4530705;4543900;4711302;4732600;4754702;4759899;4761003;4781400;4789005;4921301;4921302;4922102;4923001;4923002;4924800;4929902;4929903;4929904;4929999;4930202;4930203;4930204;5212500;5223100;5229001;5229002;5229099;5250803;5250804;5811500;5812302;5813100;6204000;7319002;7319003;7490103;7711000;7719599;7731400;7732201;7739099;7810800;7820500;7830200;8020001;8020002;8129000;8130300;8211300;8219999;8421300;8621601;8621602;8622400;9700500,BRASILIA,DF,"20000000,00",03,CNAE_CARGA_TRANSPORTE
05351371000131,ALERTA VIP SERVICOS EMPRESARIAIS E MONITORAMENTO LTDA,ALERTA VIP SERVICOS EMPRESARIAIS E MONITORAMENTO,MATRIZ,ATIVA,8111700,4923002;7739099;8020001;8121400;8599604;9512600,MANAUS,AM,"100000,00",01,PALAVRA_CHAVE_GR
11087366000166,LBA MONITORAMENTO ELETRONICO LTDA,JUQUITI PRESTACAO DE SERVICOS,MATRIZ,ATIVA,8020001,,SALVADOR,BA,"100000,00",01,PALAVRA_CHAVE_GR
13198628000195,O L OTRACK RASTREAMENTO VEICULAR LTDA,OTRACK RASTREAMENTO VEICULAR,MATRIZ,ATIVA,8020001,,SAO LUIS,MA,"50000,00",01,PALAVRA_CHAVE_GR
13120702000150,SSA VISION MONITORAMENTO LTDA,SSA VISION,MATRIZ,ATIVA,8020001,3329599;4321500;7739099,SALVADOR,BA,"50000,00",01,PALAVRA_CHAVE_GR
13553834000176,JS SILVEIRA SERVICOS DE LANTERNAGEM E PINTURA EM VEICULOS LTDA,REI DO RETOQUE RISCOS E MOSSAS,MATRIZ,ATIVA,4520002,,SALVADOR,BA,"10000,00",01,PALAVRA_CHAVE_GR
14180732000115,MOISES DOS SANTOS SILVA,S&M RASTREADORES,MATRIZ,ATIVA,4530703,4329104;4330405;4520005;4520007,BELEM,PA,"20000,00",01,PALAVRA_CHAVE_GR
15449068000120,CM - MONITORAMENTO DE SISTEMAS DE SEGURANCA LTDA,CM - SEG,MATRIZ,ATIVA,8020001,,VITORIA,ES,"10000,00",01,PALAVRA_CHAVE_GR
18161972000123,MARCOS OTAVIO GONCALVES DE MACEDO,K M 7 TACOGRAFO E MONITORAMENTO,MATRIZ,ATIVA,4520007,4520001;4520002;4520003;4530703;4530706,BELEM,PA,"3000,00",01,PALAVRA_CHAVE_GR
13499495000197,NAMETA LOCACAO E RASTREAMENTO DE VEICULOS LTDA,NAMETA LOCACAO E RASTREAMENTO DE VEICULOS,MATRIZ,ATIVA,7711000,4520001;4520004;4520005;4520006;4530703;4530705;4541203;4543900;7319002;7740300,BRASILIA,DF,"90000,00",05,PALAVRA_CHAVE_GR
19134556000107,TRIVISION SEGURANCA MONITORAMENTO LTDA,TRIVISION SEGURANCA MONITORAMENTO,MATRIZ,ATIVA,8020001,4753900;7739099,SALVADOR,BA,"67800,00",01,PALAVRA_CHAVE_GR
19783862000166,CAMELCM MONITORAMENTO DE SISTEMA DE SEGURANCA LTDA,CENTRAL ALARME,MATRIZ,ATIVA,8020001,4321500;4649402;4669999;4742300;4753900;4759899;7732201;7733100;7739099;8111700;8121400;8129000,SAO LUIS,MA,"300000,00",01,PALAVRA_CHAVE_GR
21902007000179,M A DE LIMA SOUSA,GASPER RASTREAMENTO DE VEICULOS,MATRIZ,ATIVA,8020001,4520007;4530703;5611201;5611203,SAO LUIS,MA,"80000,00",01,PALAVRA_CHAVE_GR
22947438000114,C R OLIVEIRA MANUTENCAO AUTOMOTIVA,3R RASTREADORES,MATRIZ,ATIVA,4520007,4520001;4520003;4530703,FEIRA DE SANTANA,BA,"10000,00",01,PALAVRA_CHAVE_GR
24153031000140,TERESINA MONITORAMENTO SOLAR LTDA,TERESINA MONITORAMENTO,MATRIZ,ATIVA,4619200,3321000;4321500;4742300;4751201;4753900;7490104;8599604,TERESINA,PI,"120000,00",01,PALAVRA_CHAVE_GR
24835204000100,DOIS MINUTOS RASTREAMENTO LTDA,DOIS MINUTOS,MATRIZ,ATIVA,8020001,4751201;7739099;7740300,SALVADOR,BA,"200000,00",05,PALAVRA_CHAVE_GR
20318227000197,NATAL RASTREAMENTO E MONITORAMENTO LTDA,NATAL RASTREAMENTO,MATRIZ,ATIVA,8020001,4321500,NATAL,RN,"150000,00",01,PALAVRA_CHAVE_GR
18302846000141,UNILINE ELETROELETRONICOS LTDA,"UNILINE TECNOLOGIA, CONSULTORIA E RASTREAMENTO",MATRIZ,ATIVA,7020400,3321000;3329599;7490104;7729202;7739099;8020001;9512600,SALVADOR,BA,"93700,00",01,PALAVRA_CHAVE_GR
13331555000168,EVOLUCAO ENGENHARIA E TRANSPORTES LTDA,EVOLUCAO ENG E TRANSPORTES,MATRIZ,ATIVA,4924800,4120400;4213800;4313400;4322302;4329103;4729699;4742300;4744001;4744002;4744003;4923002;4929901;4929902;4929999;4930201;4930202;4930204;5250803;5250804;7711000;7719599;7721700;7731400;7732201;7733100;7739003;7739099;8020001;8111700;8121400;8129000;8130300;8211300;8219999;9609299,BRASILIA,DF,"500000,00",01,CNAE_CARGA_TRANSPORTE
18538369000118,NM RASTREAMENTO LTDA,NM RASTREAMENTO,MATRIZ,ATIVA,4520007,8020001,TERESINA,PI,"20000,00",01,PALAVRA_CHAVE_GR
12825496000111,"WEBFORM COMERCIO E SERVICOS DE TELECOMUNICACOES, INFORMATICA E MONITORAMENTO LTDA",WEBFORM TECNOLOGIA,MATRIZ,ATIVA,8020001,4647802;4751201;4752100;4757100;6110802;6110899;6190602;6190699;6204000;6209100;6311900;6621502;7020400;7112000;7490199;8550302;8599604;9511800,MANAUS,AM,"50000,00",01,PALAVRA_CHAVE_GR
26491834000130,MULTISAT MASTER GESTAO E COMERCIO DE RASTREAMENTO E MONITORAMENTO LTDA,MULTISAT,MATRIZ,ATIVA,8020001,4520007;4530704,FEIRA DE SANTANA,BA,"20000,00",01,PALAVRA_CHAVE_GR
28267296000120,AXOS TRACK RASTREAMENTOS LTDA,BLESSERV,MATRIZ,ATIVA,8020001,4321500;4752100;9512600,BRASILIA,DF,"10000,00",01,PALAVRA_CHAVE_GR
29310531000162,ADSON SOUZA DA SILVA,RASTREAR SYSTEM,MATRIZ,ATIVA,8020001,,SALVADOR,BA,"2500,00",01,PALAVRA_CHAVE_GR
29773180000126,IA SOLUCOES E MONITORAMENTO AVANCADO LTDA,ESCOLA AI,MATRIZ,ATIVA,8020001,4751201;4757100;6201501;6202300;6203100;6204000;6209100;7311400;7319003;7739099;8220200;8599604,BRASILIA,DF,"300000,00",01,PALAVRA_CHAVE_GR
30190766000147,DF SAT SERVICOS DE MONITORAMENTO LTDA,DF SAT,MATRIZ,ATIVA,8020001,4321500;4511101;4511102;4520002;4520003;4520004;4520005;4530701;4530703;4541202;4541203;4541204;4543900;4759899;5229002,BRASILIA,DF,"95400,00",01,PALAVRA_CHAVE_GR
30850298000190,SEGTRACK PLUS SEGURANCA LTDA,SEGTRACK SEGURANCA E RASTREAMENTO VEICULAR,MATRIZ,ATIVA,8020001,3329599;4321500;4322301;4322302;4330404;4614100;4619200;4652400;4669999;4679699;4742300;4753900;4759899;5320201;5620102;6201501;7112000;7490104;7739099;8121400;8130300;8230001;9609299,BRASILIA,DF,"50000,00",01,PALAVRA_CHAVE_GR
31058066000166,DG RASTREAMENTO LTDA,GOLD RASTREAMENTO,MATRIZ,ATIVA,8020001,4120400;4213800;4313400;4321500;4511102;4530703;4541203;4757100;4789005;4923002;7711000,MANAUS,AM,"500000,00",01,PALAVRA_CHAVE_GR
31686798000109,MASTER SERVICE SERVICOS DE MONITORAMENTO ELETRONICOS LTDA,MASTER SERVICE SERVICOS EMPRESARIAS,MATRIZ,ATIVA,8020001,4321500;4330404;4399199;8111700;8121400;8129000;8130300;8211300;8299799;8599604,MANAUS,AM,"100000,00",01,PALAVRA_CHAVE_GR
32149855000175,UELITON SOUSA SANTOS DE SALVADOR,US SERVICOS E LOCACAO DE EQUIPAMENTOS E TRANSPORTES,MATRIZ,ATIVA,8299799,4923002;4930201;8020001;8219999;9511800,SALVADOR,BA,"40000,00",03,CNAE_CARGA_TRANSPORTE
32982413000105,SMART CLOUD SERVICOS E MONITORAMENTO DE SISTEMAS LTDA,SMART CLOUD SERVICOS,MATRIZ,ATIVA,8020001,3312102;3321000;4321500;4322301;4322302;4322303;4329102;4329104;4330402;4330404;6319400;7420001;7711000;7733100;8111700;8121400;8129000;8211300;9511800,MANAUS,AM,"20000,00",01,PALAVRA_CHAVE_GR
34778082000111,AX RASTREAMENTO E CONSULTORIA LTDA,AX,MATRIZ,ATIVA,8020001,4751201;6201501;6204000;6209100;6920602;7020400;7112000;7490199;7739099,BRASILIA,DF,"500000,00",01,PALAVRA_CHAVE_GR
36808239000130,FBI COMERCIO E SERVICOS PARA VEICULOS AUTOMORES LTDA,FBI RASTREAMENTO E MONITORAMENTO DE VEICULO,MATRIZ,ATIVA,5229099,4321500;4530703;4530704;4757100;5320202;6190699,MANAUS,AM,"500000,00",03,PALAVRA_CHAVE_GR
37821494000185,ALICERZ VIGILANCIA E MONITORAMENTO LTDA,,MATRIZ,ATIVA,8011101,8020001;8299799,BRASILIA,DF,"180000,00",03,PALAVRA_CHAVE_GR
39239661000100,LEGACY SERVICOS MONITORAMENTO LTDA,LEGACY SERVICOS,MATRIZ,ATIVA,8020001,,SALVADOR,BA,"100000,00",01,PALAVRA_CHAVE_GR
29839526000141,FALCAOSAT RASTREAMENTO VEICULAR LTDA,FALCAOSAT RASTREAMENTO VEICULAR,MATRIZ,ATIVA,4520007,4321500;8020001;9511800,JOAO PESSOA,PB,"10000,00",01,PALAVRA_CHAVE_GR
40593975000195,BV RASTREAMENTO VEICULAR LTDA,BV RASTREAMENTO,MATRIZ,ATIVA,8020001,6190699;7711000,FEIRA DE SANTANA,BA,"150000,00",01,PALAVRA_CHAVE_GR
31700445000108,AUTOMIDIA RASTREAMENTO LOCADORA & SERVICOS LTDA,AUTOMIDIA TELECOM,MATRIZ,ATIVA,8020001,7711000;7719599;7731400;7739099;8020002;8299701;8299799,NATAL,RN,"100000,00",01,PALAVRA_CHAVE_GR
41480586000116,ELITE RASTREAMENTO VEICULAR LTDA,ELITE RASTREAMENTO,MATRIZ,ATIVA,8020001,4321500;4511101;4511102;4541203;4541204,MANAUS,AM,"100000,00",03,PALAVRA_CHAVE_GR
27222743000162,L. TELMA AZEVEDO DUARTE,LTADUARTE SERVICOS E TRANSPORTES,MATRIZ,ATIVA,7020400,4322301;4322302;4330404;4330405;4399103;4729699;4751201;4759899;4930201;8020001;8121400,MANAUS,AM,"500000,00",01,CNAE_CARGA_TRANSPORTE
37409613000197,ITAIAN SERVICOS DE LOGISTICA E REPARACAO NAVAL INDUSTRIAL LTDA,AMERICA MARINE AND INDUSTRIAL SOLUTIONS,MATRIZ,ATIVA,5250804,3311200;3313999;3314701;3314702;3314704;3314707;3317101;3321000;3329501;4120400;4321500;4330402;4399103;4712100;4729699;4742300;4744001;4744003;4755503;4759801;4772500;4789099;4930201;5030101;5030102;5091201;5232000;5250802;7119703;7490104;8011101;8020001;8129000,MANAUS,AM,"100000,00",03,CNAE_CARGA_TRANSPORTE
30180943000104,TRACKER CARSAT SERVICOS DE MONITORAMENTO ELETRONICO LTDA,TRACKER CARSAT SERVICOS DE MONITORAMENTO ELETRONICO,MATRIZ,ATIVA,4520007,3321000;3329599;6622300;6629100;7490104;8020001,SALVADOR,BA,"96000,00",01,PALAVRA_CHAVE_GR
31746153000106,JN CONSTRUCOES E COMERCIO DE MATERIAIS DE CONSTRUCAO E TRANSPORTE LTDA,EMPIRE SERVICES E SOLUTIONS,MATRIZ,ATIVA,4744099,3811400;4120400;4292801;4313400;4321500;4322301;4322302;4330404;4399101;4399105;4649408;4674500;4724500;4729699;4741500;4742300;4744001;4744003;4744004;4751201;4753900;4754701;4754703;4755503;4761003;4763601;4763602;4772500;4781400;4789099;4924800;7112000;7711000;7719501;7719599;7732201;7739003;7739099;8020001;8111700;8121400;8122200;8129000;8211300;8219999;9001906,MANAUS,AM,"2100000,00",03,CNAE_CARGA_TRANSPORTE
42659124000123,RASTRO CITY RASTREAMENTO VEICULAR LTDA,RASTRO CITY,MATRIZ,ATIVA,4520007,4321500;4520003;5229002;7729202;8020002,MANAUS,AM,"20000,00",01,PALAVRA_CHAVE_GR
44070171000162,BANDEIRA SANTANA LTDA,RASTREAR VEICULOS MAIS,MATRIZ,ATIVA,8020001,4520007;4669999,TERESINA,PI,"50000,00",01,PALAVRA_CHAVE_GR
44673688000146,BETA7 RASTREAMENTO E LOCACAO DE VEICULOS LTDA,BETA7 RASTREAMENTO E LOCACAO DE VEICULOS,MATRIZ,ATIVA,4520007,4520003;4530701;4530703;4530704;7711000;7719599;8020001,FEIRA DE SANTANA,BA,"50000,00",01,PALAVRA_CHAVE_GR
45296994000173,M K R DA SILVA SERVICOS DE MONITORAMENTO SEGUROS E PROTECAO VEICULAR,CASA DO RASTREADOR PROTECAO VEICULAR,MATRIZ,ATIVA,8020001,4530706;6622300,TERESINA,PI,"50000,00",01,PALAVRA_CHAVE_GR
45685834000116,RB SERVICOS DE MONITORAMENTO LTDA,RB SEGURANCA,MATRIZ,ATIVA,8111700,8020001,SALVADOR,BA,"30000,00",01,PALAVRA_CHAVE_GR
45815561000187,DBSK SEGURANCA E MONITORAMENTO LTDA,MS SEGURANCA,MATRIZ,ATIVA,8020001,8011101,FEIRA DE SANTANA,BA,"500000,00",01,PALAVRA_CHAVE_GR
47192712000113,DF SISTEMA E SERVICO DE MONITORAMENTO LTDA,DF MONITORAMENTO,MATRIZ,ATIVA,8020001,4752100;6209100;9512600,BRASILIA,DF,"60000,00",01,PALAVRA_CHAVE_GR
47409121000155,INOVAR REFRIGERACAO AUTOMOTIVA E SERVICOS VEICULARES LTDA,INOVAR REFRIGERACAO AUTOMOTIVA,MATRIZ,ATIVA,4520001,3314707;4520007;4530703;4530704;4541206;4541207;8020002,TERESINA,PI,"50000,00",01,CNAE_CARGA_TRANSPORTE
48095694000114,RISHELL TRANSPORTES E LOCACOES LTDA,RISHELL TRANSPORTES E LOCACOES,MATRIZ,ATIVA,8020001,4313400;4511101;4511102;4618401;4930202;4930203;5611203;6821801;6822600;7711000;7739099,TERESINA,PI,"500000,00",01,CNAE_CARGA_TRANSPORTE
49362989000172,MAIS RASTREAMENTO LTDA,MAIS RASTREAMENTO,MATRIZ,ATIVA,8020001,7711000;8211300,NATAL,RN,"20000,00",01,PALAVRA_CHAVE_GR
49838810000100,MANA - MONITORAMENTO DE ANALISES NUTRICIONAIS AVANCADAS LTDA,MANA - MONITORAMENTO DE ANALISES NUTRICIONAIS AVANCADAS,MATRIZ,ATIVA,8650002,8660700,SALVADOR,BA,"10000,00",01,PALAVRA_CHAVE_GR
50722874000120,RASTREAR VEICULAR LTDA,RASTREAR RASTREAMENTO VEICULAR,MATRIZ,ATIVA,4530703,4321500;4520007;4530704;4541206;4541207;8020001,BRASILIA,DF,"100000,00",01,PALAVRA_CHAVE_GR
50883895000128,SKY TECNOLOGIA LTDA,SKY TRACKER TELEMETRIA E SEGURANCA VEICULAR,MATRIZ,ATIVA,4321500,4751201;4752100;4753900;5320202;6190699;6201501;6202300;6203100;6204000;8020002;8599604,SAO LUIS,MA,"5000,00",01,CNAE_CARGA_TRANSPORTE
51270267000130,GUARDIAN TECH LOG E RASTREAMENTO LTDA,GUARDIAN TECH NET,MATRIZ,ATIVA,4930202,1033302;1096100;3101200;4321500;4530703;4618401;4619200;4729699;4752100;4753900;4759899;4930201;4930204;5120000;5250804;5250805;5320202;6190699;7711000;8020001,MANAUS,AM,"30000,00",01,PALAVRA_CHAVE_GR
51558258000149,MONITORA MAIS LTDA,MONITORA MAIS RASTREAMENTO VEICULAR,MATRIZ,ATIVA,8020001,4321500;4520007;4530703;4530704;4541206;4541207,VITORIA,ES,"100000,00",01,PALAVRA_CHAVE_GR
51947936000165,SMARTBOX - TRANSPORTE E ARMAZENAMENTO SEGUROS - AM INOVA SIMPLES (I.S.),,MATRIZ,ATIVA,5250804,1830003;2610800;2631100;2651500;3099700;4669999;5229099;5239799;5240199;6120599;6130200;6190699;6201501;6202300;6203100;6204000;6209100;6311900;6319400;7739099;7740300;8020001;8599604;9512600,MANAUS,AM,"1000,00",01,CNAE_CARGA_TRANSPORTE
52745525000150,W K SERVICO DE RASTREAMENTO E MONITORAMENTO LTDA,W K RASTREAMENTO,MATRIZ,ATIVA,8020001,6204000,MANAUS,AM,"50000,00",01,PALAVRA_CHAVE_GR
53827578000182,J C RIAN S ALCANTARA,DTRACKER RASTREAMENTO,MATRIZ,ATIVA,8020001,4511102;4520003;4520007;4530703;7729202,MANAUS,AM,"80000,00",01,PALAVRA_CHAVE_GR
54294342000190,ERR CONSERVACAO E MONITORAMENTO LTDA,ERR CONSERVACAO E MONITORAMENTO,MATRIZ,ATIVA,8129000,4311802;5320202;8011101,BRASILIA,DF,"50000,00",03,PALAVRA_CHAVE_GR
54706883000189,V2 RASTREADORES LTDA,V2 RASTREADORES,MATRIZ,ATIVA,4520007,7739099,TERESINA,PI,"150000,00",01,PALAVRA_CHAVE_GR
54732635000102,RR TRANSPORTES E LOGISTICAS LTDA,,MATRIZ,ATIVA,7711000,3600602;3811400;4399104;4511101;4511102;4512902;4520001;4520003;4520006;4520007;4923001;4923002;4929901;4930204;5223100;5229002;7719501;7732201;7739099;7911200;8020001;8020002;9529102,SAO LUIS,MA,"2000,00",01,CNAE_CARGA_TRANSPORTE
54949066000151,RENATEC TECNOLOGIA EM RASTREAMENTO VEICULAR LTDA,KADEMEUCARRO RASTREAMENTO VEICULAR,MATRIZ,ATIVA,4752100,4520007;4530703;8020001,BRASILIA,DF,"50000,00",01,PALAVRA_CHAVE_GR
55763869000180,CENTRO SEGURO MANUTENCAO E MONITORAMENTO LTDA,CENTRO SEGURO MANUTENCAO E MONITORAMENTO,MATRIZ,ATIVA,4321500,8020001;8020002;8121400;8129000;8130300,NATAL,RN,"100000,00",01,PALAVRA_CHAVE_GR
56442089000109,"CHARLIE COMERCIO DE PECAS, MANUTENCAO E RASTREAMENTO VEICULAR LTDA",CHARLIE PROTECAO VEICULAR,MATRIZ,ATIVA,4520007,4520002;4530703;4763603;5229002;7711000;8020001;8211300;9529104,FEIRA DE SANTANA,BA,"200000,00",01,PALAVRA_CHAVE_GR
57067259000177,SINATRAFEGO SINALIZACAO DE TRANSITO E RASTREAMENTO VEICULAR LTDA,SINATRAFEGO SINALIZACAO,MATRIZ,ATIVA,4211102,4329104;4520007;4751201;4754703;8020001,BRASILIA,DF,"20000,00",01,PALAVRA_CHAVE_GR
43984993000196,"ANJOS GUARDIAO MONITORAMENTO, ASSESSORIA E SERVICOS LTDA",,MATRIZ,ATIVA,8219999,8011101;8020002,SALVADOR,BA,"107000,00",01,PALAVRA_CHAVE_GR
57897190000109,MJ SERVICOS VEICULAR LTDA,MJ SERVICOS VEICULAR,MATRIZ,ATIVA,4520003,4520007;8020001,JOAO PESSOA,PB,"5000,00",01,CNAE_CARGA_TRANSPORTE
58031258000135,NAH ASSISTENCIA E SERVICOS DE MONITORAMENTO LTDA,NAH ASSISTENCIA E SERVICOS DE MONITORAMENTO,MATRIZ,ATIVA,8020001,4520001;7711000;8211300,MANAUS,AM,"500000,00",01,PALAVRA_CHAVE_GR
58094447000157,ZN TECH MONITORAMENTO E CONSULTORIA LTDA,ZN TECH,MATRIZ,ATIVA,8660700,1821100;1822901;4649408;4751201;4751202;4752100;4753900;4757100;4759899;4761003;4789007;4789008;4789099;6190601;6201501;6202300;6203100;6204000;6209100;6311900;6319400;8020001;8219901;8299707;8299799;8599603;8599604;8650099;9511800;9512600;9521500;9529199,MANAUS,AM,"600000,00",03,PALAVRA_CHAVE_GR
58214761000126,VIA SISTEMA DE RASTREAMENTO LTDA,VIA RASTREAMENTO,MATRIZ,ATIVA,8020001,4520007;4530701,NATAL,RN,"300000,00",01,PALAVRA_CHAVE_GR
58589209000112,WP TRANSPORTES LOGISTICA E SERVICOS LTDA,WP TRANSPORTES,MATRIZ,ATIVA,4929902,4923002;4924800;4929904;4930201;4930202;7711000;8020001;8121400;8129000,ARACAJU,SE,"200000,00",01,CNAE_CARGA_TRANSPORTE
59453982000110,AVSL RASTREAMENTO VEICULAR LTDA,AVSL RASTREAMENTO VEICULAR,MATRIZ,ATIVA,8020001,4520007;4752100;9512600,NATAL,RN,"30000,00",03,PALAVRA_CHAVE_GR
59546427000132,IMPERIO SERVICOS E MONITORAMENTO LTDA,,MATRIZ,ATIVA,8111700,8020001;8211300,BRASILIA,DF,"10000,00",01,PALAVRA_CHAVE_GR
60011804000118,PLANETA RASTREAMENTO LTDA,PLANETA RASTREAMENTO,MATRIZ,ATIVA,4321500,8020001,TERESINA,PI,"30000,00",01,PALAVRA_CHAVE_GR
60113976000100,TRANSPORTADORA LE VAIR LTDA,TRANSPORTADORA LE VAIR,MATRIZ,ATIVA,4930201,4530703;4712100;4743100;4930202;4930204;5611201;8020001,TERESINA,PI,"150000,00",01,CNAE_CARGA_TRANSPORTE
20087439000291,AUTOBLOCK TECNOLOGIA DA INFORMACAO E RASTREAMENTO LTDA,,FILIAL,ATIVA,8020001,4520001;4520003;4520004;4520007;4530701;4530703;4541203;4543900;4751201;4752100;5229002;6209100;7739099,SAO LUIS,MA,"150000,00",03,PALAVRA_CHAVE_GR
20087439000100,AUTOBLOCK TECNOLOGIA DA INFORMACAO E RASTREAMENTO LTDA,AUTOBLOCK,MATRIZ,ATIVA,8020001,4520001;4520003;4520004;4520007;4530701;4530703;4541203;4543900;4751201;4752100;5229002;6209100;7739099,SAO LUIS,MA,"150000,00",03,PALAVRA_CHAVE_GR
60781441000108,DANIEL FERREIRA DA SILVA LTDA,DFS MONITORAMENTO E TECNOLOGIA,MATRIZ,ATIVA,4321500,4751201;8111700,BRASILIA,DF,"5000,00",01,PALAVRA_CHAVE_GR
58957211000105,VISION MONITORAMENTO LTDA,VISION MONITORAMENTO,MATRIZ,ATIVA,4321500,4751201;4753900,BRASILIA,DF,"200000,00",03,PALAVRA_CHAVE_GR
45870833000141,VGC GESTAO & SEGURANCA ADMINISTRACAO CONDOMINIAL E MONITORAMENTO ELETRONICO LTDA,VGC SERVICOS,MATRIZ,ATIVA,8020001,3312102;3329599;4321500;4322301;4322302;4322303;4330404;6209100;6311900;6822600;7490199;8020002;8121400;8129000;8130300;8211300;8219999;8220200;8299799;8599604;9521500;9609299,JOAO PESSOA,PB,"150000,00",01,PALAVRA_CHAVE_GR
58160552000147,ELO LOGISTIC LTDA,EL TORO HAMBURGUERIA,MATRIZ,ATIVA,4930201,4321500;4329199;4651601;4652400;4742300;4752100;4759899;4930202;4930203;5021102;5211701;5211799;5232000;5250803;5250804;5250805;5320202;6201501;6204000;6209100;6311900;7732201;7732202;7733100;7739099;8011102;8020001;8020002;8211300;9511800;9512600,MANAUS,AM,"100000,00",01,CNAE_CARGA_TRANSPORTE
62728014000183,STGPS RASTREAMENTO E MONITORAMENTO LTDA,STGPS RASTREAMENTO E MONITORAMENTO,MATRIZ,ATIVA,8020001,4520001;4520003;4520007;5229002;5320201;6204000;6622300;7319002;7711000;8111700;8211300;8220200;8291100;8299799,ARACAJU,SE,"50000,00",01,PALAVRA_CHAVE_GR
64099397000101,R B CORREA RASTREAMENTOS,RC RASTREAMENTO,MATRIZ,ATIVA,4520007,4321500;4530703;8020001,SAO LUIS,MA,"5000,00",01,PALAVRA_CHAVE_GR
64485132000133,"MARLIM ENGENHARIA, GESTAO DE RISCOS E SUSTENTABILIDADE LTDA.",MARLIM ENGENHARIA &RISCOS,MATRIZ,ATIVA,7112000,7020400;7119799;7120100;7490101;7490199,SALVADOR,BA,"10000,00",01,PALAVRA_CHAVE_GR
66738034000196,LUCERNA TECNOLOGIA E MONITORAMENTO LTDA,,MATRIZ,ATIVA,8020001,4321500;4751201;4752100;4753900;4757100;6110803;6190601;6190602;6190699;6209100;7020400;8599604,SAO LUIS,MA,"162100,00",01,PALAVRA_CHAVE_GR
66793736000172,K P LOBATO,KL RASTREAMENTO VEICULAR,MATRIZ,ATIVA,8020001,4520007;4530701;4530703;4753900;5229002;6209100;6311900;7739099;8211300;8220200,SAO LUIS,MA,"10000,00",01,PALAVRA_CHAVE_GR
66881036000130,TOP EVENTOS E SERVICOS LTDA,TOP PATRIMONIAL MONITORAMENTO EM SISTEMAS ELETRONICOS.,MATRIZ,ATIVA,8111700,3329599;4321500;8129000;8299799;9609299,SALVADOR,BA,"100000,00",01,PALAVRA_CHAVE_GR
67215441000181,V G M RIBEIRO LOCACOES E RASTREAMENTO,MURADA LOCACOES E RASTREAMENTO,MATRIZ,ATIVA,8020001,4520007;7719599;7729299,SAO LUIS,MA,"40000,00",01,PALAVRA_CHAVE_GR
68410288000106,VIATEC RASTREAMENTO LTDA,,MATRIZ,ATIVA,8020001,,NATAL,RN,"150000,00",03,PALAVRA_CHAVE_GR
03612713000102,GUARDION DRIVER E RASTREAMENTO DE VEICULOS LTDA,GUARDION DRIVER E RASTREAMENTO DE VEICULOS,MATRIZ,ATIVA,7490104,4520005;4923002;4929999;6201501;6202300;6209100;6319400;7020400;7319004;7711000;8020001;8211300,MANAUS,AM,"100000,00",01,PALAVRA_CHAVE_GR
02797008000156,ELIVALDO FROTA MACIEL,VENEZA SERVICES,MATRIZ,ATIVA,8219999,7020400;8020001;8111700;8121400,MANAUS,AM,"100000,00",01,CNAE_CARGA_TRANSPORTE
01609715000109,NEWTRONICS INFORMATICA LTDA,VITORIA TRACK RASTREADORES,MATRIZ,ATIVA,4751201,4520001;4530703;4530704;6209100;9511800,VITORIA,ES,"0,00",01,PALAVRA_CHAVE_GR
07595751000147,ATIVA SERVICO DE MONITORAMENTO DE SEGURANCA ELETRONICA LTDA,ATIVA SEGURANCA INTELIGENTE,MATRIZ,ATIVA,8020001,4321500;4751201;4753900;4759899;8111700,BRASILIA,DF,"104500,00",01,PALAVRA_CHAVE_GR
02152861000110,VALDECIR CRUZ RAMOS,OFICINA DO VAL-TIRA RISCO,MATRIZ,ATIVA,4321500,4221903;4292801;4520001;4520002;4520003;4520004;4520005;4520007,BELEM,PA,"0,00",01,PALAVRA_CHAVE_GR
05399773000106,X-TRACKER SERVICOS DE RASTREAMENTO LTDA,INSTALL SAT SYSTEM,MATRIZ,ATIVA,8020001,4520007;6190699;7739099,SAO LUIS,MA,"10000,00",01,PALAVRA_CHAVE_GR
05953648000104,CENTRO DE ESTUDO RISCOS E RABISCOS S/S LTDA,RISCOS E RABISCOS,MATRIZ,ATIVA,8513900,,BELEM,PA,"10000,00",05,PALAVRA_CHAVE_GR
04493133000106,SULAMERICANA MONITORAMENTO E LOCACAO LTDA,SULAMERICANA,MATRIZ,ATIVA,8020001,4221905;4321500;7739099,BRASILIA,DF,"330000,00",01,PALAVRA_CHAVE_GR
22815831000154,"MURICI COMERCIO DE ESTIVAS,TRANSPORTES E SERVICOS DA CONSTRUCAO CIVIL LTDA",MURICI,MATRIZ,ATIVA,4761003,1822999;3329501;4120400;4213800;4222701;4222702;4292801;4299501;4299599;4311802;4312600;4313400;4321500;4322301;4322302;4329104;4330402;4330404;4330405;4399101;4399103;4399105;4530703;4611700;4615000;4616800;4618401;4618402;4618499;4619200;4712100;4723700;4724500;4729699;4743100;4744001;4744004;4744099;4751201;4753900;4754701;4755502;4755503;4757100;4759899;4761001;4763601;4771704;4782201;4789007;4789099;4923002;4924800;4929902;4930201;5011401;5091202;5620102;5620104;6209100;7312200;7711000;7719501;7732201;7732202;7739003;7739099;7820500;8020001;8111700;8121400;8129000;8130300;8211300;8230001;8230002;9001906;9511800,MANAUS,AM,"2000000,00",03,CNAE_CARGA_TRANSPORTE
08909941000154,JESUS REPRESENTACOES DE MATERIAL DE CONSTRUCAO LTDA,JESUSSAT RASTREAMENTOS,MATRIZ,ATIVA,5611201,4530703;4613300;8020001,SAO LUIS,MA,"20000,00",01,PALAVRA_CHAVE_GR
10528665000126,J. G. SERVICOS DE SEGURANCA E MONITORAMENTO LTDA,SIM-SEGURANCA E MONITORAMENTO,MATRIZ,ATIVA,8020001,4759899;7739099;8011101;8111700,BELEM,PA,"60000,00",01,PALAVRA_CHAVE_GR
13662120000104,RAFE SERVICOS DE TRANSPORTES LTDA,"RAFE COMERCIO, TRANSPORTE, CONSULTORIA E SEGURANCA LTDA",MATRIZ,ATIVA,5021101,1413402;3317101;4321500;4322302;4322303;4330402;4330404;4645101;4712100;4729699;4759899;4763602;4763605;4773300;4781400;4782201;4789005;4923002;4930201;5011401;5021102;5022001;5022002;5030101;5030102;5091201;5250803;5611203;5620101;5620102;7711000;7810800;8020001;8020002;8111700;8121400;8129000;8130300;8211300;8219999;8230001;8599604,MANAUS,AM,"10000,00",05,CNAE_CARGA_TRANSPORTE
17103889000135,RN MONITORAMENTOS LTDA,RN SEGURANCA,MATRIZ,ATIVA,8020001,4751201;7711000,NATAL,RN,"80000,00",01,PALAVRA_CHAVE_GR
19452312000164,BRASIL SAT RASTREADORES LTDA,DOCTOR BASS,MATRIZ,ATIVA,4520007,4530703;4752100;8020001;9512600,FEIRA DE SANTANA,BA,"70000,00",01,PALAVRA_CHAVE_GR
19861761000166,A & R MONITORAMENTO DE SISTEMA DE SEGURANCA LTDA,PROGRAMAX,MATRIZ,ATIVA,8020001,4321500;4742300;4752100;4753900;4759899,TERESINA,PI,"100000,00",01,PALAVRA_CHAVE_GR
25382554000121,FORCA MUNDIAL MONITORAMENTO DE SISTEMA LTDA,FORCA MUNDIAL,MATRIZ,ATIVA,8020001,,SALVADOR,BA,"120000,00",01,PALAVRA_CHAVE_GR
13684457000104,3D SERVICOS EMPRESARIAIS LTDA,3D ALARMES MONITORAMENTO E RASTREAMENTO,MATRIZ,ATIVA,4751201,4321500;4753900;8020001;8220200;9512600;9521500,MANAUS,AM,"100000,00",03,PALAVRA_CHAVE_GR
21615712000195,DVISATDRONE RASTREAMENTO VEICULAR LTDA,DVISATDRONE & ARTYVINIL,MATRIZ,ATIVA,8020001,4530703;4763601;4789001;7119701;7410299;7420002;7420004;8011101;8599604,BRASILIA,DF,"93700,00",01,PALAVRA_CHAVE_GR
08787549000180,HG ASSISTENCIA E MONITORAMENTO LTDA,HG ASSISTENCIA E MONITORAMENTO,MATRIZ,ATIVA,5229002,3600602;3811400;4399104;4511101;4511102;4512902;4520001;4520003;4520006;4520007;4923001;4923002;4929901;4930201;4930202;4930204;5223100;7711000;7719501;7732201;7739099;7911200;7912100;8020001;8020002;9529102,SAO LUIS,MA,"100000,00",03,PALAVRA_CHAVE_GR
11306517000120,RIVERSEG MONITORAMENTO E VIGILANCIA LTDA,B & C SOLUCOES,MATRIZ,ATIVA,8020001,5320201;8111700;9609299,SALVADOR,BA,"30000,00",01,PALAVRA_CHAVE_GR
26402525000147,HELP SERVICE MONITORAMENTO LTDA,HELP SERVICE,MATRIZ,ATIVA,8020001,4511102;4520001;5229002;7719599,SALVADOR,BA,"90000,00",01,PALAVRA_CHAVE_GR
27923361000166,VIGIA ELETRONICA MONITORAMENTO DE SISTEMAS LTDA,VIGILANCIA ELETRONICA,MATRIZ,ATIVA,8020001,7739099,BELEM,PA,"100000,00",03,PALAVRA_CHAVE_GR
28618450000161,SOLUCOES COMERCIO E GESTAO DE SERVICOS DE A A Z LTDA,SOLUCOES TRACK RASTREAMENTO,MATRIZ,ATIVA,8020001,4520007;5320201;6204000;6622300;7319002;7739099;8111700;8211300;8220200;8291100,ARACAJU,SE,"150000,00",01,PALAVRA_CHAVE_GR
26199127000175,SANTOS ENGENHARIA E TRANSPORTES LTDA,S W ENGENHARIA,MATRIZ,ATIVA,4930202,3314701;3314702;3314703;3314704;3314707;3314717;3314722;3314799;4120400;4321500;4330401;4330402;4330403;4330404;4330405;4330499;4930201;4930204;5320201;5320202;7119704;8020001;8299799,MANAUS,AM,"800000,00",01,CNAE_CARGA_TRANSPORTE
30537204000127,AGUIAR CORRETORA DE SEGUROS E GERENCIAMENTO DE RISCOS LTDA,AGUIAR CORRETORA DE SEGUROS E GERENCIAMENTO DE RISCOS,MATRIZ,ATIVA,6622300,,BRASILIA,DF,"10000,00",01,PALAVRA_CHAVE_GR
31886650000100,CAR ALL MONITORAMENTO E RASTREAMENTO VEICULAR LTDA,QUALIS MONITORAMENTO E RASTREAMENTO,MATRIZ,ATIVA,8020001,3321000;4530703;4530706;4649402;4669999;4742300;4751201;4752100;4753900;4757100;6311900;7490104;7711000;7740300;8211300;8299799,MANAUS,AM,"100000,00",01,PALAVRA_CHAVE_GR
28235152000192,EMF SERVICOS DE VIGILANCIA E TERCEIRIZACAO LTDA,PRECAVE SEGURANCA MONITORAMENTO TERCEIRIZACAO,MATRIZ,ATIVA,8111700,8020001;8121400;8130300,FEIRA DE SANTANA,BA,"110000,00",01,PALAVRA_CHAVE_GR
26937374000121,L. G. N. DA ENCARNACAO EMPREENDIMENTO LTDA,A. S. SEGURANCA & MONITORAMENTO 24 HORAS,MATRIZ,ATIVA,8020001,3299003;3311200;3314707;3314799;3329599;4120400;4291000;4299501;4299599;4313400;4321500;4322301;4322302;4322303;4329103;4329105;4329199;4330401;4330402;4330403;4330404;4330405;4330499;4399101;4399103;4399104;4399199;4618499;4635401;4637107;4639701;4641903;4642702;4643501;4646001;4646002;4647801;4649401;4649402;4649408;4649410;4649499;4651601;4664800;4669999;4673700;4679601;4679699;4686902;4689399;4751201;4752100;4753900;4755502;4761003;4763605;5231101;5231102;5240199;5611203;6130200;6190699;6810201;7711000;7733100;7739099;7911200;8011101;8020002;8111700;8121400;8129000;8299799;9601701,MANAUS,AM,"95000,00",03,PALAVRA_CHAVE_GR
32411987000123,CNP SERVICOS DE MONITORAMENTO VIGILANCIA E SEGURANCA LTDA.,CNP SERVICOS E SEGURANCA,MATRIZ,ATIVA,8020001,8011101;8020002,SALVADOR,BA,"106410,00",01,PALAVRA_CHAVE_GR
30816428000178,BELEM PORTARIA REMOTA E MONITORAMENTO LTDA,PORTER BELEM,MATRIZ,ATIVA,8020001,3329599;4520007;4530703;4742300;4753900;4757100;4759899;7739099;9511800,BELEM,PA,"1000000,00",01,PALAVRA_CHAVE_GR
34704558000170,EL - ELYON SERVICOS DE RASTREADORES E SEGURANCA ELETRONICA LTDA,EL ELYON SERVICOS DE RASTREAMENTO,MATRIZ,ATIVA,6190699,4321500;4322303;4759899;4929901;4929903;7911200;8020001,FEIRA DE SANTANA,BA,"50000,00",01,PALAVRA_CHAVE_GR
36243337000177,METROPOLE RELAMPAGO SEGURANCA E MONITORAMENTO LTDA,METROPOLE RELAMPAGO,MATRIZ,ATIVA,8020001,4742300;4753900;7739099;8111700;8121400,NATAL,RN,"5000,00",01,PALAVRA_CHAVE_GR
37634416000171,NIVIA C SILVA DA SILVA,NC MONITORAMENTO DE SISTEMA DE SEGURANCA ELETRONICO,MATRIZ,ATIVA,8020001,,BELEM,PA,"20000,00",03,PALAVRA_CHAVE_GR
38360802000185,GEBTON ALBUQUERQUE DA SILVA LTDA,MEGA RASTREAMENTO,MATRIZ,ATIVA,8020001,4321500;4520007;4751201,MANAUS,AM,"150000,00",03,PALAVRA_CHAVE_GR
38450555000108,OPTIMUS GESTAO DE FROTAS E LOCACAO DE VEICULOS LTDA,KEINAN G.F,MATRIZ,ATIVA,7711000,4511102;4512902;4520001;4520002;4520003;4520004;4520005;4520006;4520007;4530703;4530705;4732600;7020400;8020001,BRASILIA,DF,"30000,00",03,CNAE_CARGA_TRANSPORTE
38535028000104,TREVO SERVICO DE TRANSPORTES DE CARGAS E MUDANCAS LTDA,TREVO TRANSPORTES,MATRIZ,ATIVA,4930204,4930202;8020001,SALVADOR,BA,"105000,00",01,CNAE_CARGA_TRANSPORTE
37479035000165,K DA S FERREIRA MONITORAMENTO,KS RASTREAMENTO,MATRIZ,ATIVA,8020001,4520003;4520007,MANAUS,AM,"30000,00",01,PALAVRA_CHAVE_GR
39724645000102,CIA TATICA DE RASTREAMENTO VEICULAR LTDA,CIA TATICA DE RASTREAMENTO VEICULAR,MATRIZ,ATIVA,8020001,4321500,BELEM,PA,"10000,00",01,PALAVRA_CHAVE_GR
40120095000100,CLEYLTON FEITOSA MORAES 84839090220,CFM RASTREAMENTO,MATRIZ,ATIVA,4520007,8020002,BELEM,PA,"1000,00",01,PALAVRA_CHAVE_GR
40593836000161,NEWSEG MONITORAMENTO E SEGURANCA LTDA,NEWSEG MONITORAMENTO E SEGURANCA,MATRIZ,ATIVA,8020001,4742300;8011101;8111700;8121400;8129000,FEIRA DE SANTANA,BA,"120000,00",01,PALAVRA_CHAVE_GR
40774748000166,W H DE C FONSECA,H+RASTREAMENTO VEICULAR,MATRIZ,ATIVA,8020001,3312102;4321500;6190699;9529102,MANAUS,AM,"10000,00",01,PALAVRA_CHAVE_GR
40840012000149,G A PEREIRA ALVES,PRESTACAO DE SERVICOS E TRANSPORTE GOIANO,MATRIZ,ATIVA,8129000,4399104;4930202;8020001,BRASILIA,DF,"30000,00",01,CNAE_CARGA_TRANSPORTE
40930739000117,PRIME SEGURANCA ELETRONICA E MONITORAMENTO LTDA,GRUPO TEC SEGURANCA ELETRONICA,MATRIZ,ATIVA,2790299,2610800;2622100;2651500;2731700;2945000;4652400;4742300;4752100;5229099;8020001,BRASILIA,DF,"100000,00",01,PALAVRA_CHAVE_GR
41364834000163,GUARD SERVICE SISTEMA ELETRONICOS DE MONITORAMENTO LTDA,GUARD SERVICE,MATRIZ,ATIVA,8020001,4321500;4649402;6209100;8111700;8121400;8299799,MANAUS,AM,"150000,00",01,PALAVRA_CHAVE_GR
41638141000111,J FERNANDES DE OLIVEIRA E CIA LTDA,BILL SEGURANCA E LOGISTICA,MATRIZ,ATIVA,6204000,4723700;4724500;4729699;4744099;4751201;7490199;8020001,MANAUS,AM,"1000000,00",01,CNAE_CARGA_TRANSPORTE
42020797000139,ARGOVIX SOLUCOES TECNOLOGICAS LTDA,ARGOVIX MONITORAMENTO,MATRIZ,ATIVA,8020001,4530703;4541206;4543900;6201501;6202300;6203100;6204000;9529104,VITORIA,ES,"80000,00",01,PALAVRA_CHAVE_GR
42079358000100,FARO TECNOLOGIA EM RASTREAMENTO VEICULAR LTDA,FARO RASTREAMENTO VEICULAR,MATRIZ,ATIVA,4520007,1830003;4321500;4520003;4530703;4530704;4751201;4752100;5229002;7711000;7719599;7739099;8020001;8020002,MANAUS,AM,"50000,00",01,PALAVRA_CHAVE_GR
42186796000169,J C SOLUCOES AUTOMOTIVAS LTDA,QUATENUS RASTREAMENTO INTELIGENTE NATAL,MATRIZ,ATIVA,4520003,4520004;4520007;6190699;6202300;6622300;8020001,NATAL,RN,"10000,00",01,PALAVRA_CHAVE_GR
32469528000109,VEILOC TRANSPORTES E SERVICOS LTDA,VEILOC LOCADORA,MATRIZ,ATIVA,7711000,8020001,SALVADOR,BA,"400000,00",01,CNAE_CARGA_TRANSPORTE
43054458000136,M M R MONITORAMENTO LTDA,MARTAN MONITORAMENTO INTELIGENTE,MATRIZ,ATIVA,9511800,4751201;4757100;7733100,BRASILIA,DF,"50000,00",01,PALAVRA_CHAVE_GR
43429178000165,WV FUNERARIA E RASTREAMENTO VEICULAR INTEGRADOS LTDA,WV RASTREAMENTO,MATRIZ,ATIVA,9603304,8020001;9603399,BELEM,PA,"150000,00",01,PALAVRA_CHAVE_GR
42523145000117,CAVALLERO RASTREAMENTO VEICULAR LTDA,ALFALOG SOLUCOES EM TELEMETRIA VEICULAR,MATRIZ,ATIVA,8020001,,BELEM,PA,"2000,00",01,PALAVRA_CHAVE_GR
31592930000105,A J S DA CONCEICAO,AF RASTREADORES E MONITORAMENTO,MATRIZ,ATIVA,8020001,2319200;2539001;4321500;4322301;4322302;4520001;4520003;4520007;4642702;4729602;4755502;4923002;5510801;6190699;6209100;6319400;8650004,SAO LUIS,MA,"60000,00",01,PALAVRA_CHAVE_GR
43395472000101,CPF FORTE FINANCEIRO LTDA,DRB RASTREADOR FINANCEIRO DE CLIENTES,MATRIZ,ATIVA,8291100,7319002,BRASILIA,DF,"100000,00",03,PALAVRA_CHAVE_GR
43982117000120,LOCALIZEJA RASTREAMENTO E MONITORAMENTO POR GPS LTDA,LOCALIZEJA RASTREAMENTO,MATRIZ,ATIVA,8020001,,NATAL,RN,"30000,00",01,PALAVRA_CHAVE_GR
44729557000133,RASTREAMENTO SARA CRISTINA VIANA NOGUEIRA LTDA,S.R.A RASTREAMENTO VEICULAR.,MATRIZ,ATIVA,8020001,,MANAUS,AM,"60000,00",01,PALAVRA_CHAVE_GR
46086587000102,RASTREK IMPERIAL PROTECAO VEICULAR LTDA,RASTREK IMPERIAL PROTECAO VEICULAR,MATRIZ,ATIVA,4520007,4520003;4530703;5229002;8020001;9529102,SALVADOR,BA,"50000,00",01,CNAE_CARGA_TRANSPORTE
46921928000100,LOGTRAK RASTREAMENTO LTDA,LOGTRAK RASTREAMENTO,MATRIZ,ATIVA,8020001,4923001;5229002;6319400;7733100;7739099,NATAL,RN,"30000,00",01,PALAVRA_CHAVE_GR
47327965000157,TRUE ASSESSORIA E MONITORAMENTO LTDA,TRUE ASSESSORIA E MONITORAMENTO,MATRIZ,ATIVA,8020001,4520007;5229002;6622300;7020400;8219999;8220200,SALVADOR,BA,"20000,00",01,PALAVRA_CHAVE_GR
47436983000177,MAX PRESTADORA DE SERVICOS DE RASTREAMENTO LTDA,MAX RASTREAMENTO,MATRIZ,ATIVA,8020001,,NATAL,RN,"20000,00",01,PALAVRA_CHAVE_GR
47898343000189,J S TIRA RISCO LTDA,JS TIRA RISCO,MATRIZ,ATIVA,4520002,4520001;4520003;4520007;4543900,SAO LUIS,MA,"25000,00",01,PALAVRA_CHAVE_GR
48356746000169,COUT ATIVIDADES DE MONITORAMENTO LTDA,COUT SOLUCOES EM SEGURANCA,MATRIZ,ATIVA,8020001,0161002;4321500;4329104;4330404;4639701;4649401;4679699;4712100;4744099;4751201;4752100;4753900;4757100;7810800;8111700;8121400;8129000;8130300;8211300;9511800;9512600;9521500,MANAUS,AM,"20000,00",01,PALAVRA_CHAVE_GR
48585779000180,SOS MONITORAMENTO E RASTREAMENTO NORTE LTDA,SOS MONITORAMENTO E RASTREAMENTO NORTE,MATRIZ,ATIVA,8020001,5229002,BELEM,PA,"100000,00",01,PALAVRA_CHAVE_GR
47382701000104,KING ARTIGOS MILITARES E TRANSPORTE LTDA,KING ARTIGOS MILITARES E TRANSPORTE,MATRIZ,ATIVA,4789009,4669999;4744001;4744099;4752100;4753900;4759899;4761003;4763604;4781400;4930201;4930202;4930203;5250803;7739099;8020001;8230001;9312300,NATAL,RN,"50000,00",01,CNAE_CARGA_TRANSPORTE
51472000000125,GABRIEL GONCALVES DA SILVA,GT RASTREAMENTO EXPRESSO,MATRIZ,ATIVA,4321500,7719599,BELEM,PA,"20000,00",01,PALAVRA_CHAVE_GR
52740183000185,GUARDIOES RASTREAMENTO VEICULAR LTDA,GUARDIOES RASTREAMENTO VEICULAR,MATRIZ,ATIVA,8020001,4221905;4292801;4321500;9512600;9521500,BELEM,PA,"50000,00",01,PALAVRA_CHAVE_GR
53010600000105,SARA ALBUQUERQUE DA MOTA,MOTA RASTREAMENTO,MATRIZ,ATIVA,8020001,,MANAUS,AM,"5000,00",01,PALAVRA_CHAVE_GR
53590449000113,ASA ENERGIA SOLAR E MONITORAMENTO LTDA,ASA SOLAR E MONITORAMENTO,MATRIZ,ATIVA,4669999,3313999;4321500;4520007;4742300;4759899;7112000;7319002;8599604,BELEM,PA,"100000,00",01,PALAVRA_CHAVE_GR
53701672000190,MANTO LIMA ENGENHARIA E CONSULTORIA LTDA,MANTO GERENCIADORA,MATRIZ,ATIVA,7112000,7119703;8219999,VITORIA,ES,"5000,00",01,PALAVRA_CHAVE_GR
54388960000108,TETTO CORRETORA DE SEGUROS LTDA,MARIANA HORTENCIO - PLANEJAMENTO E GESTAO DE RISCOS,MATRIZ,ATIVA,6622300,,BRASILIA,DF,"10000,00",01,PALAVRA_CHAVE_GR
54964260000106,WA RASTREAMENTO LTDA,WA RASTREAMENTO,MATRIZ,ATIVA,4520007,4530703,ARACAJU,SE,"10000,00",01,PALAVRA_CHAVE_GR
56085591000100,RASTREAR GESTAO TELEMETRIA E RASTREAMENTO LTDA,RASTREK BAHIA,MATRIZ,ATIVA,8020001,6190699,SALVADOR,BA,"20000,00",01,PALAVRA_CHAVE_GR
56705761000101,TH RASTREAMENTO LTDA,THR RASTREAMENTO,MATRIZ,ATIVA,4520007,8020001,JOAO PESSOA,PB,"40000,00",03,PALAVRA_CHAVE_GR
57154279000185,"MS CONSULTORIA EM TI, RISCO E COMPLIANCE LTDA","MS CONSULTORIA EM TI, RISCO E COMPLIANCE",MATRIZ,ATIVA,8219999,7020400,BRASILIA,DF,"5000,00",01,PALAVRA_CHAVE_GR
57413003000174,EQUIPE ARCANJO MONITORAMENTO E SERVICOS LTDA,EQUIPE ARCANJO,MATRIZ,ATIVA,8020001,8011101;8020002,SALVADOR,BA,"107000,00",01,PALAVRA_CHAVE_GR
57183561000190,LUCAS COSTA E SILVA LTDA,ALPHA RASTREADORES PRO,MATRIZ,ATIVA,8020001,4520007;4530703;4541206;9521500,TERESINA,PI,"20000,00",01,PALAVRA_CHAVE_GR
